"objectKey","ArchiType","Layer","Name","Description","Specialization","SourceModel","propid-1"
"id-03daec5d29bd4b189ca2a5496252e5b7","Artifact","Technology & Physical","00-governance","","","MUNI FLOW.xml","Folder"
"id-05b984b42a2341f9b9ef629cbcfba788","Artifact","Technology & Physical","CSV Stack","Sammlung aller CSV Script Files","","MUNI FLOW.xml","Archi CSV Scripts"
"id-0699461668eb4216b62dec82887521bd","Artifact","Technology & Physical","CSV06-append_child_to_master.py","","","MUNI FLOW.xml","File"
"id-06b685dca8a644b7a134c186b5cd5cb0","Artifact","Technology & Physical","02-artifacts","","","MUNI FLOW.xml","Folder"
"id-06c671c503a54f5f943a7c7b981fbfd8","Artifact","Technology & Physical","flowmapping.txt","Beschreibt welcher Trigger zu welchem Script gehört.","","MUNI FLOW.xml","File"
"id-07f6a1ba20284089a07feedb889ebf0a","Artifact","Technology & Physical","XML Stack","Sammlung aller XML Script Files","","MUNI FLOW.xml","Archi XML Scripts"
"id-086beea937e649459cae69d0a8f9c442","Artifact","Technology & Physical","00-archimateactive","","","MUNI FLOW.xml","Folder"
"id-08ebdb53c6424e198e2420265f77df9d","Artifact","Technology & Physical","99-logs","","","MUNI FLOW.xml","Folder"
"id-094cdbbde88247b6aeaa20d271264ede","Artifact","Technology & Physical","CSV02-leer.py","wurde eingespart aber noch als Platzhalter belassen da der Flow noch in der Beta ist.","","MUNI FLOW.xml","File"
"id-0b1e96ecea35425da1cebdd44c3a51d6","Artifact","Technology & Physical","00-bpmnactive","Beschreibt die aktiven Modelle","","MUNI FLOW.xml","Folder"
"id-14aff2297b7548b5858ee5fade72e911","Artifact","Technology & Physical","00-conecpt","00-concept","","MUNI FLOW.xml","Folder"
"id-16ba8f76d2e14f9b86e9ca9dc56e30ee","Artifact","Technology & Physical","flow.py","User Herzstück für die Script gesteuerte Triggerübernahme aus Archimate und BPMN Modellen.","","MUNI FLOW.xml","File"
"id-16fad6daceea4c25afbd63a22036a05c","Artifact","Technology & Physical","01-principles","","","MUNI FLOW.xml","Folder"
"id-173180eb82994f94a2f32c9acbfdabdd","Artifact","Technology & Physical","flowdiscover.py","","","MUNI FLOW.xml","File"
"id-18dd7ab2be8d4c54a94a9fc3ae39223b","Artifact","Technology & Physical","run-scope.txt","Outcome File für Scope bestimmung Archi CSV Scripts","","MUNI FLOW.xml","File"
"id-19a088fae4cd4498a10b5ed26855c8b6","Artifact","Technology & Physical","Archi CSV Stack","","","MUNI FLOW.xml","Archi CSV Stack"
"id-1a3a87ff11bb4664b11e3b04b41be2fc","Artifact","Technology & Physical","04-notes","","","MUNI FLOW.xml","Folder"
"id-1a6d3525d5054a8c96ec18a7e1da0281","Artifact","Technology & Physical","00-master","","","MUNI FLOW.xml","Folder"
"id-206eef35195c44a7bf2f4326ac2f2d37","Artifact","Technology & Physical","propmapping.txt","Globale Regeln werden zusätzlich zu csvmapping.txt herangezogen um ganze Inhalte zu Filtern in Modellen (clearing Funktion teilweise)","","MUNI FLOW.xml","File"
"id-208c84ba2c9e49caacd4c1f947b3de61","Artifact","Technology & Physical","CSV08-properties2csv.py","","","MUNI FLOW.xml","File"
"id-22c3a349e29c4b97bc1932a09440a28d","Artifact","Technology & Physical","fields.csv","Beschreibt die Sync Felder für den CSV Export glaub ich ;)","","MUNI FLOW.xml","File"
"id-235277fdf03a4e19956e2776c10b8773","Artifact","Technology & Physical","00-master","","","MUNI FLOW.xml","Folder"
"id-2436b167f3ec4b67a35751057032ea4e","Artifact","Technology & Physical","root.txt","Beschreibt den installationspfad BLUEPRINT_ROOT=","","MUNI FLOW.xml","File"
"id-2533c44b0a984e66b8abda40f4a75b6e","Artifact","Technology & Physical","01-bpmnchild","","","MUNI FLOW.xml","Folder"
"id-255642a3db4b4ab0b6f00c0fde9ca65d","Artifact","Technology & Physical","02-how2","","","MUNI FLOW.xml","Folder"
"id-25b12bd718974485b7ce4842d091dc58","Artifact","Technology & Physical","csvmapping.txt","Konfig File für CSV Filter","","MUNI FLOW.xml","File"
"id-29eaadf1d85e49719d9da65fe742641b","Artifact","Technology & Physical","XML01-collect_sources.py","Liest die betroffenen Folder für den Import ein und wird über die Datei child_mapping.txt dekaliert","","MUNI FLOW.xml","File"
"id-2cb395e548a540c8baae3f899f7ecde5","Artifact","Technology & Physical","archimate3_Diagram.xsd","","","MUNI FLOW.xml","File"
"id-2e997ebf75a5429888b81725f8b48189","Artifact","Technology & Physical","CSV03-resolve_run_scope.py","Script das das File run-scope.txt erstellt das als Scope Filter für Scripts dient.","","MUNI FLOW.xml","File"
"id-2f0815725ac34ea8835d7d96a8c1335b","Artifact","Technology & Physical","M2B01-master_extract.py","","","MUNI FLOW.xml",""
"id-30cb53d4d36146329c2870e9e531e4e5","Artifact","Technology & Physical","99-strukturimages","Strukturelle Images für Upload in Apps oder Reports","","MUNI FLOW.xml",""
"id-33cec84cb4254f1e9c808176cfde8436","Artifact","Technology & Physical","Flow.txt","Beschreibung der FLOW Umgebung","","MUNI FLOW.xml","File"
"id-3b6821ab5c624a91be21e0275aa69b4b","Artifact","Technology & Physical","00-achimatechild","","","MUNI FLOW.xml","Folder"
"id-3d6fde8a819246a19f3f024a67b67a6f","Artifact","Technology & Physical","99-strukturimages","","","MUNI FLOW.xml","Folder"
"id-41499844342c49a1a59cd4aabbd7cafc","Artifact","Technology & Physical","99-export","","","MUNI FLOW.xml","Folder"
"id-431fcd20fc54416c92b0dec9c56b2696","Artifact","Technology & Physical","02-import","","","MUNI FLOW.xml","Folder"
"id-44703bb8c25a4bc7b970e3569258c4b6","Artifact","Technology & Physical","99-exports","","","MUNI FLOW.xml","Folder"
"id-44d81207b1844b3e859aa0f1be6c88d0","Artifact","Technology & Physical","M2B03-clear.py","","","MUNI FLOW.xml",""
"id-45bf382fdad848809c5342a8e77057b0","Artifact","Technology & Physical","00-archimatearchive","","","MUNI FLOW.xml","Folder"
"id-4c262f1af056436493d55536bf8d8ece","Artifact","Technology & Physical","child_mapping.txt","Source folders to be ingested by Mastersync

Format: <source_type> - <relative_folder_from_root>","","MUNI FLOW.xml","File"
"id-4f443466e6e3409eabb5aaf5085c79f3","Artifact","Technology & Physical","01-bpmnimages","","","MUNI FLOW.xml","Folder"
"id-4f7f12b4330c484394ce962bad0eeeb1","Artifact","Technology & Physical","How2Flow.txt","Beschreibung Flow Ablauf","","MUNI FLOW.xml","File"
"id-5020d1ea7b3e402da7f0b518307db998","Artifact","Technology & Physical","model-scope.txt","Scope File (Output aus Script das schaut welche Modelle vorliegen)","","MUNI FLOW.xml","File"
"id-5728e0a79ca1472f8c31640237180e77","Artifact","Technology & Physical","CSV05-create_master_csvs.py","","","MUNI FLOW.xml","File"
"id-57aabc37640641ed978372ba1a0e9d73","Artifact","Technology & Physical","M2B Stack","Sync Zyklus zwischen master.xml und BPMN 2.0 Modellen.","","MUNI FLOW.xml",""
"id-58e6c8520ade4c84ba5cbdbe1a58dbfc","Artifact","Technology & Physical","00-archimateimages","","","MUNI FLOW.xml","Folder"
"id-5c2cbb3e91bd4e78ab19b506b0976031","Artifact","Technology & Physical","03-child","","","MUNI FLOW.xml","Folder"
"id-5cdf108963b342f38e87199b80fa08ca","Artifact","Technology & Physical","XML07-cleanup-artifacts.py","","","MUNI FLOW.xml","File"
"id-622f124f00884a1f87cb0bb7fb53383e","Artifact","Technology & Physical","00-xml","","","MUNI FLOW.xml","Folder"
"id-62ce4ccfc17a4262923120c1dbd89759","Artifact","Technology & Physical","02-xyarchive","Für ander Apps und XML Typen als Archiv vorgesehen","","MUNI FLOW.xml","Folder"
"id-630e4b7e9d314e3998628d79704ec863","Artifact","Technology & Physical","01-model","","","MUNI FLOW.xml","Folder"
"id-693021fa584d4c6898fdad8daa807658","Artifact","Technology & Physical","<Prozessname>.xml","Child vom XML Folder","","MUNI FLOW.xml","File"
"id-6abe85a8d6aa4de8974138c5b4bb4e0c","Artifact","Technology & Physical","02-xyvision","Zukünftige Modelle oder Applikationsfiles die in R+MUNI integriert werden sollen.","","MUNI FLOW.xml","Folder"
"id-6dfc245ddadc4c938965406ff39dca19","Artifact","Technology & Physical","01-bpmnchild","","","MUNI FLOW.xml","Folder"
"id-6e5c0dfb3096468ca6fbe4e045d8e9e1","Artifact","Technology & Physical","00-archimateimages","Image Exportfiles aus Archimate Quellen","","MUNI FLOW.xml","Folder"
"id-6e618946a8bc44149ff1c3572980d947","Artifact","Technology & Physical","Global GOV.pdf","R+MUNI hat für die Entwicklung eine GOV Entwickelt die jedem frei zur Verfügung steht der direkt in dem Projekt mitarbeiten möchte","","MUNI FLOW.xml",""
"id-7059aaa0f076480895a2b1eb11b98689","Artifact","Technology & Physical","00-master","","","MUNI FLOW.xml","Folder"
"id-71cb3ab136a04237a86fa2a937d756c3","Artifact","Technology & Physical","01-archimateactivesub","","","MUNI FLOW.xml","Folder"
"id-7af8774ec9f4495daa4ab25210ca787f","Artifact","Technology & Physical","02-sync","","","MUNI FLOW.xml","Folder"
"id-7e81ae44cbc145d38fc4bca88fbcda3a","Artifact","Technology & Physical","CSV99-export_snapshot.py","","","MUNI FLOW.xml","File"
"id-88dd36e30889463bb8a9837d12636ecb","Artifact","Technology & Physical","02-xychild","","","MUNI FLOW.xml",""
"id-8919a7825ffa47fd8fd8e1c66621cd6b","Artifact","Technology & Physical","<Prozessname>.xml","Active Prozesse werden als File mit dem Prozessnamen abgelegt und bilden die akive Strutkur","","MUNI FLOW.xml","File"
"id-89342a51a5104ca29696b1658adb1653","Artifact","Technology & Physical","01-mapping","","","MUNI FLOW.xml","Folder"
"id-89dc358011344d50a2a3f6678c60c9a6","Artifact","Technology & Physical","<modelname>.xslx","01-model","","MUNI FLOW.xml","File"
"id-8b2217d22dd543e6b53af478d13e476e","Artifact","Technology & Physical","01-mapping","","","MUNI FLOW.xml","Folder"
"id-8bb1ba815b334d1a86188f4848e29de4","Artifact","Technology & Physical","03-stages","","","MUNI FLOW.xml","Folder"
"id-8e14f139525542bba359e6a616155c2d","Artifact","Technology & Physical","02-csv","","","MUNI FLOW.xml","Folder"
"id-8e41f059f8f34d94acdc809d4f23ada4","Artifact","Technology & Physical","mappingmodel","Stellt","","MUNI FLOW.xml","Folder"
"id-8ec264da9f034c63af7d1bb8d7172d8e","Artifact","Technology & Physical","CSV09-masterxml2csv.py","","","MUNI FLOW.xml","File"
"id-9018378080544ceabdbe43683aa6df2d","Artifact","Technology & Physical","01-bpmnimages","Image Exportfiles von BPMN 2.0 Quellen","","MUNI FLOW.xml",""
"id-906e905892e548608de51d46d11c0cdb","Artifact","Technology & Physical","01-scripts","","","MUNI FLOW.xml","Folder"
"id-92fece2374424122bd2c37707254a3e6","Artifact","Technology & Physical","Aktives Modell <modelname>.archimate","Aktives Modell (Big Picture) eigentliche Hauptaussage bzw. Zweck des gewählten Modellansatzes","","MUNI FLOW.xml","File"
"id-9584aebb4c6a4270908b1ee5a03b4ba4","Artifact","Technology & Physical","XML05-clear_merge.py","","","MUNI FLOW.xml","File"
"id-989ed20da8e54aecb948b8aee2262c81","Artifact","Technology & Physical","XML02-parse_child_xml.py","","","MUNI FLOW.xml",""
"id-9901256f206d4cba8c9a2204a0ea60bd","Artifact","Technology & Physical","00-archimate","","","MUNI FLOW.xml","Folder"
"id-9905bdf7d77140c4a931348041ad07ba","Artifact","Technology & Physical","00-archimatechild","","","MUNI FLOW.xml","Folder"
"id-993d7651ca474aecb5dcec2b1f3f12c2","Artifact","Technology & Physical","03-child","","","MUNI FLOW.xml","Folder"
"id-9c05bd6a1dc143a798e925b1607a4ad1","Artifact","Technology & Physical","mapping.txt","Bildet den ""Filter"" für die Überleitung in das Master","","MUNI FLOW.xml",""
"id-9e056f29d0ef414cb59e97e0dddd26bd","Artifact","Technology & Physical","00-archimatechild","","","MUNI FLOW.xml","Folder"
"id-9f1d90d506484706b90555fe3ee7d6e2","TechnologyFunction","Technology & Physical","TEF00-Ordnerstruktur und Rechtevergabe","Das ist ein nicht EA konformes mapping der Ordner und Filestruktur und geht viel zu tief ins Detail um als EA Modell gültigkeit zu haben. Es ist ein ersatz um keinen Toolbruch zu generieren ist aber überraschend gut geeignet wenn man simple verbindungen und Attribute verwendet.","","MUNI FLOW.xml","OS Funktion"
"id-a11bb4e82514467e8045cbb18a511b79","Artifact","Technology & Physical","M2B00-root_resolve.py","","","MUNI FLOW.xml",""
"id-a323307c60964671bbe70e7c1b867da8","Artifact","Technology & Physical","03-XLSX","","","MUNI FLOW.xml","Folder"
"id-a34f55d257234f7fa20f14845586b3a5","Artifact","Technology & Physical","properties.csv","","","MUNI FLOW.xml","File"
"id-a4f6528d4de5411fbda054cc02c4d1c5","Artifact","Technology & Physical","03-child","","","MUNI FLOW.xml","Folder"
"id-a67dbd1efb464154975322222a5bd8cd","Artifact","Technology & Physical","flowtriggers.txt","","","MUNI FLOW.xml",""
"id-a80d55857aad43578201aa49fdf50065","Artifact","Technology & Physical","XML03-build_index.py","","","MUNI FLOW.xml","File"
"id-ab375f1a7ba0476dbe2094bb119ad2e5","Artifact","Technology & Physical","FLOW Stack","","","MUNI FLOW.xml","FLOW Stack"
"id-afc66898b347400e922f0b5b730be0ba","Artifact","Technology & Physical","01-bpmnchild","","","MUNI FLOW.xml","Folder"
"id-b41115294b6f491ca603d213a9e71576","Artifact","Technology & Physical","BPMN 2.0 Export<modellname>.svg (copy)","","","MUNI FLOW.xml","File"
"id-b593c22f709947638b16e64add7e990d","Artifact","Technology & Physical","archimate3_Model.xsd","","","MUNI FLOW.xml","File"
"id-b7574a7b092d46198ea3e5d46cdf334f","Artifact","Technology & Physical","struktur.txt","Referenz für Folder check und stellt die Struktur dar wird mittels Powershell Befehl tree /A /F > struktur.txt ausgelöst direkte Eingabe in Konsole","","MUNI FLOW.xml","File"
"id-ba91148db6b64ee89c4833158f88db42","Artifact","Technology & Physical","SCRIPT-BAUKASTEN.txt","Beschreibung Script Baukasten","","MUNI FLOW.xml","File"
"id-baa4841b6dd8418f9c024f861d47bf59","Artifact","Technology & Physical","CSV00-validate_environment.py","Evaluiert das Installationsverzeichnis","","MUNI FLOW.xml","File"
"id-bafb66f26ac3434a8b1aeeac670afc87","Artifact","Technology & Physical","XML00-resolve_root.py","Ermittelt im root.txt die <rootfolder> information von der aus die Struktur relativ aufgelöst wird.","","MUNI FLOW.xml","File"
"id-bc547ea6e9ab412aacb7071d2e374229","Artifact","Technology & Physical","Archi XML Stack","","","MUNI FLOW.xml","Archi XML Stack"
"id-c03f953b205848ba8f11b62529937975","Artifact","Technology & Physical","Sub Modell <modelname>.archimate","Beschreibt die Sub Modelle des Aktiven Modelles","","MUNI FLOW.xml","File"
"id-c191a3f8e5674f70b8f6292c2f7a5eb5","Artifact","Technology & Physical","R+MUNI help files","Dokufiles, readme, how2, beschreibende Modelle und was man sonst noch so brauchen kann.","","MUNI FLOW.xml",""
"id-c2cefd64e90346c182ad23c43ede76fd","Artifact","Technology & Physical","Archi Export<modellname>.svg","","","MUNI FLOW.xml","File"
"id-c3fadf01b1f4402badad30cdcaa327e4","Artifact","Technology & Physical","99-bpmnMUNI","Ordner für R+MUNI Spezifische BPMN 2.0 Diagrammabläufe","","MUNI FLOW.xml","Folder"
"id-c4596a07c5504e4c85fa0427ef712b58","Artifact","Technology & Physical","archimate3_View.xsd","","","MUNI FLOW.xml","File"
"id-c46b9c924da746e0a0dbc369a466e093","Artifact","Technology & Physical","XML06-finalize-master.py","","","MUNI FLOW.xml","File"
"id-c5af2c3deaf14fc3bd0be93b918dc798","Artifact","Technology & Physical","M2B02-activate_model.py","","","MUNI FLOW.xml",""
"id-c5ed512bbd0449128f0158fa32312d3c","Artifact","Technology & Physical","04-flow","","","MUNI FLOW.xml","Folder"
"id-c846f48a16ec4ad4a3715ced1331a677","Artifact","Technology & Physical","01-bpmnarchive","","","MUNI FLOW.xml","Folder"
"id-ca7bd9aef88a4fe9804f4d7f5d04870e","Artifact","Technology & Physical","<Prozessname>.xml","Child vom CSV Folder","","MUNI FLOW.xml","File"
"id-cb24c209dba2492b86d41b7665a66a42","Artifact","Technology & Physical","05-images","","","MUNI FLOW.xml","Folder"
"id-cba39da599364508b76fbeaa30fc52f8","Artifact","Technology & Physical","master.generated.xml","Generierter Master für den austausch zwischen Modellen und als Quelle für den Reimport.","","MUNI FLOW.xml","File"
"id-cc0af84e8e3f45e09c319a91a32ec897","Artifact","Technology & Physical","How2Archi2CSVFlow.txt","Helpfile für CSV Flow","","MUNI FLOW.xml","File"
"id-ccb6bc9d07ea4899a1554fdf65258062","Artifact","Technology & Physical","How2MasterXMLFlow.txt","Unser Kreislauf für das mapping.xml wird hier beschrieben","","MUNI FLOW.xml","File"
"id-da31b582c0d34ac1b8f24a4916a855f7","Artifact","Technology & Physical","child_mapping.txt","Dort werden die relevanten Ordner reverenziert die für den Sync herangezogen werden","","MUNI FLOW.xml","File"
"id-dad2065546e444a4904e6c70cb2f32e3","Artifact","Technology & Physical","elements.csv","","","MUNI FLOW.xml","File"
"id-de25f48ad4ec478d9b2bc32cefe7e748","Artifact","Technology & Physical","csvexport.txt","Beschreibt die Sync Felder für den CSV Export glaub ich ;)","","MUNI FLOW.xml","File"
"id-de59190d08084a388e565d0d8011eb0b","Artifact","Technology & Physical","jArchi Scirpts","","","MUNI FLOW.xml","jArchi Scripts"
"id-dfcff32751de454ab2382bb00d0fa817","Artifact","Technology & Physical","XML04-merge_master.py","","","MUNI FLOW.xml","File"
"id-dffac2aa7bc9470890066b2945899e8d","Artifact","Technology & Physical","M2B04-reconcile_enrich.py","","","MUNI FLOW.xml",""
"id-e010123cc6e847569d15066b4b32cb73","Artifact","Technology & Physical","How2Master2BPMNProzess.txt","","","MUNI FLOW.xml",""
"id-e0191ed72d4042b39a9ef304f6881ead","Artifact","Technology & Physical","CSV01-validate_model.py","Evaluiert verfügbare Modelle in den Child Foldern und im Activen und Subfolder","","MUNI FLOW.xml","File"
"id-e269c4e7c8ae4ebab59f6c3343ffdace","Artifact","Technology & Physical","02-xychild","","","MUNI FLOW.xml","Folder"
"id-e476f1042d744a579f68152ae06aedf0","Artifact","Technology & Physical","<MUNI Installaionspfad>","Installationspfad von der MUNI Strutkur","","MUNI FLOW.xml","Folder"
"id-e558094782ed4d08bbc31b83cf044e20","Artifact","Technology & Physical","<Modellname>.xml","","","MUNI FLOW.xml","File"
"id-eb3bb263bb9f41fc89cee68944165a94","Artifact","Technology & Physical","relations.csv","","","MUNI FLOW.xml","File"
"id-ec4f2128d31d471e8e53aa6f61f4d1bf","Artifact","Technology & Physical","02-xychild","Zukünftige App oder Sync XML","","MUNI FLOW.xml","Folder"
"id-ef4ae7dced5b492e9934adb6bce3fd0c","Artifact","Technology & Physical","context.txt","CONTEXT=","","MUNI FLOW.xml","File"
"id-f0a5754f797c44acbcef4a3c321f5998","Artifact","Technology & Physical","CSV04-model-overview.py","","","MUNI FLOW.xml","File"
"id-f4fa780a9ba6490c912ce5ce953525f1","Artifact","Technology & Physical","CSV07-xlsx_2_csv.py","","","MUNI FLOW.xml","File"
"id-f63fc1f49d204c4aa6ca6f55d5c2ac81","Artifact","Technology & Physical","05-Images","Platz für Images für die Umgebung","","MUNI FLOW.xml","Folder"
"id-f92597e4cb0b46dabba8381bde32c807","Artifact","Technology & Physical","jA01-Validierung Namen.ajs","Ceckt namen ob sie der Namenskonvention entsprechen","","MUNI FLOW.xml","jArchi Scripts"
"id-fb78bb528d4e433cb5e8e4f4a2b29a5f","Artifact","Technology & Physical","01-bpmn","","","MUNI FLOW.xml","Folder"
"id-ff54c1a6e5c64e378bcebcc23e415d35","Artifact","Technology & Physical","01-sync","","","MUNI FLOW.xml","Folder"
