"Summary","Issue Type","Description","Component/s","Labels","External issue ID","EA-ObjectKey","EA-ArchiType","EA-Layer","EA-SourceModel"
"BUP06-M2B FLOW","Task","EA-ObjectKey: id-136c6e495f7944fe9d174e8e99401ca1
ArchiType: BusinessProcess
Layer: Business
SourceModel: MUNI FLOW.xml","Business","BusinessProcess","id-136c6e495f7944fe9d174e8e99401ca1","id-136c6e495f7944fe9d174e8e99401ca1","BusinessProcess","Business","MUNI FLOW.xml"
"BUP00-CSV FLOW","Task","Ermöglicht es von CSV Archi Exports in CSV Importformat zu transferieren und anzureichern. Eher seltener Usecase aber gut um das FLOW Script zu testen. FLOW in BPMN Camunda 7 modelliert.

EA-ObjectKey: id-1393ce3e12f1498eb06cbefe32f0be91
ArchiType: BusinessProcess
Layer: Business
SourceModel: MUNI FLOW.xml","Business","BusinessProcess","id-1393ce3e12f1498eb06cbefe32f0be91","id-1393ce3e12f1498eb06cbefe32f0be91","BusinessProcess","Business","MUNI FLOW.xml"
"BPU01-CSV 2 CSV","Task","Archi CSV <-> CSV Import Archi (war mein erster Test nur für übertragungen von Modell zu Modell Sinnhaft wenn man editieren möchte geht und das XLXS Plugin nicht hat.

EA-ObjectKey: id-3431625e8daa424b9f089c21d4ea6049
ArchiType: BusinessProcess
Layer: Business
SourceModel: MUNI FLOW.xml","Business","BusinessProcess","id-3431625e8daa424b9f089c21d4ea6049","id-3431625e8daa424b9f089c21d4ea6049","BusinessProcess","Business","MUNI FLOW.xml"
"BUP03-masterxml 2 CSV","Task","Der CORE Teil dieses Flows er überträgt diese aus den unterschiedlichsten Systemen stammenden master.xml Daten in ein CSV von Archi Import lesbares Format.

EA-ObjectKey: id-5e398e49cb0a4fbd889849a7e7c272c6
ArchiType: BusinessProcess
Layer: Business
SourceModel: MUNI FLOW.xml","Business","BusinessProcess","id-5e398e49cb0a4fbd889849a7e7c272c6","id-5e398e49cb0a4fbd889849a7e7c272c6","BusinessProcess","Business","MUNI FLOW.xml"
"BUP05-XML FLOW","Task","EA-ObjectKey: id-87df041b085a403e948d63e82b6dc556
ArchiType: BusinessProcess
Layer: Business
SourceModel: MUNI FLOW.xml","Business","BusinessProcess","id-87df041b085a403e948d63e82b6dc556","id-87df041b085a403e948d63e82b6dc556","BusinessProcess","Business","MUNI FLOW.xml"
"BUP04-mastercsv2Assets","Task","Neuer Sprint für Integration in Jira.

EA-ObjectKey: id-8b98e9a157c845acb0fb8f0049826222
ArchiType: BusinessProcess
Layer: Business
SourceModel: MUNI FLOW.xml","Business","BusinessProcess","id-8b98e9a157c845acb0fb8f0049826222","id-8b98e9a157c845acb0fb8f0049826222","BusinessProcess","Business","MUNI FLOW.xml"
"BPU02-XLSX 2 CSV","Task","EA-ObjectKey: id-8d6586a812d04fa9aa1e0e646e1fd239
ArchiType: BusinessProcess
Layer: Business
SourceModel: MUNI FLOW.xml","Business","BusinessProcess","id-8d6586a812d04fa9aa1e0e646e1fd239","id-8d6586a812d04fa9aa1e0e646e1fd239","BusinessProcess","Business","MUNI FLOW.xml"
"BUP07-FLOW","Task","Scriptrunner R+MUNI. Der Esel macht aus Snips was brauchbares.

EA-ObjectKey: id-f2e451fc1a5040418d5ce92a8baa0d16
ArchiType: BusinessProcess
Layer: Business
SourceModel: MUNI FLOW.xml","Business","BusinessProcess","id-f2e451fc1a5040418d5ce92a8baa0d16","id-f2e451fc1a5040418d5ce92a8baa0d16","BusinessProcess","Business","MUNI FLOW.xml"
"00-governance","Task","EA-ObjectKey: id-03daec5d29bd4b189ca2a5496252e5b7
ArchiType: Artifact
Layer: Technology & Physical
SourceModel: MUNI FLOW.xml","Technology & Physical","Artifact","id-03daec5d29bd4b189ca2a5496252e5b7","id-03daec5d29bd4b189ca2a5496252e5b7","Artifact","Technology & Physical","MUNI FLOW.xml"
"CSV Stack","Task","Sammlung aller CSV Script Files

EA-ObjectKey: id-05b984b42a2341f9b9ef629cbcfba788
ArchiType: Artifact
Layer: Technology & Physical
SourceModel: MUNI FLOW.xml","Technology & Physical","Artifact","id-05b984b42a2341f9b9ef629cbcfba788","id-05b984b42a2341f9b9ef629cbcfba788","Artifact","Technology & Physical","MUNI FLOW.xml"
"CSV06-append_child_to_master.py","Task","EA-ObjectKey: id-0699461668eb4216b62dec82887521bd
ArchiType: Artifact
Layer: Technology & Physical
SourceModel: MUNI FLOW.xml","Technology & Physical","Artifact","id-0699461668eb4216b62dec82887521bd","id-0699461668eb4216b62dec82887521bd","Artifact","Technology & Physical","MUNI FLOW.xml"
"02-artifacts","Task","EA-ObjectKey: id-06b685dca8a644b7a134c186b5cd5cb0
ArchiType: Artifact
Layer: Technology & Physical
SourceModel: MUNI FLOW.xml","Technology & Physical","Artifact","id-06b685dca8a644b7a134c186b5cd5cb0","id-06b685dca8a644b7a134c186b5cd5cb0","Artifact","Technology & Physical","MUNI FLOW.xml"
"flowmapping.txt","Task","Beschreibt welcher Trigger zu welchem Script gehört.

EA-ObjectKey: id-06c671c503a54f5f943a7c7b981fbfd8
ArchiType: Artifact
Layer: Technology & Physical
SourceModel: MUNI FLOW.xml","Technology & Physical","Artifact","id-06c671c503a54f5f943a7c7b981fbfd8","id-06c671c503a54f5f943a7c7b981fbfd8","Artifact","Technology & Physical","MUNI FLOW.xml"
"XML Stack","Task","Sammlung aller XML Script Files

EA-ObjectKey: id-07f6a1ba20284089a07feedb889ebf0a
ArchiType: Artifact
Layer: Technology & Physical
SourceModel: MUNI FLOW.xml","Technology & Physical","Artifact","id-07f6a1ba20284089a07feedb889ebf0a","id-07f6a1ba20284089a07feedb889ebf0a","Artifact","Technology & Physical","MUNI FLOW.xml"
"00-archimateactive","Task","EA-ObjectKey: id-086beea937e649459cae69d0a8f9c442
ArchiType: Artifact
Layer: Technology & Physical
SourceModel: MUNI FLOW.xml","Technology & Physical","Artifact","id-086beea937e649459cae69d0a8f9c442","id-086beea937e649459cae69d0a8f9c442","Artifact","Technology & Physical","MUNI FLOW.xml"
"99-logs","Task","EA-ObjectKey: id-08ebdb53c6424e198e2420265f77df9d
ArchiType: Artifact
Layer: Technology & Physical
SourceModel: MUNI FLOW.xml","Technology & Physical","Artifact","id-08ebdb53c6424e198e2420265f77df9d","id-08ebdb53c6424e198e2420265f77df9d","Artifact","Technology & Physical","MUNI FLOW.xml"
"CSV02-leer.py","Task","wurde eingespart aber noch als Platzhalter belassen da der Flow noch in der Beta ist.

EA-ObjectKey: id-094cdbbde88247b6aeaa20d271264ede
ArchiType: Artifact
Layer: Technology & Physical
SourceModel: MUNI FLOW.xml","Technology & Physical","Artifact","id-094cdbbde88247b6aeaa20d271264ede","id-094cdbbde88247b6aeaa20d271264ede","Artifact","Technology & Physical","MUNI FLOW.xml"
"00-bpmnactive","Task","Beschreibt die aktiven Modelle

EA-ObjectKey: id-0b1e96ecea35425da1cebdd44c3a51d6
ArchiType: Artifact
Layer: Technology & Physical
SourceModel: MUNI FLOW.xml","Technology & Physical","Artifact","id-0b1e96ecea35425da1cebdd44c3a51d6","id-0b1e96ecea35425da1cebdd44c3a51d6","Artifact","Technology & Physical","MUNI FLOW.xml"
"00-conecpt","Task","00-concept

EA-ObjectKey: id-14aff2297b7548b5858ee5fade72e911
ArchiType: Artifact
Layer: Technology & Physical
SourceModel: MUNI FLOW.xml","Technology & Physical","Artifact","id-14aff2297b7548b5858ee5fade72e911","id-14aff2297b7548b5858ee5fade72e911","Artifact","Technology & Physical","MUNI FLOW.xml"
"flow.py","Task","User Herzstück für die Script gesteuerte Triggerübernahme aus Archimate und BPMN Modellen.

EA-ObjectKey: id-16ba8f76d2e14f9b86e9ca9dc56e30ee
ArchiType: Artifact
Layer: Technology & Physical
SourceModel: MUNI FLOW.xml","Technology & Physical","Artifact","id-16ba8f76d2e14f9b86e9ca9dc56e30ee","id-16ba8f76d2e14f9b86e9ca9dc56e30ee","Artifact","Technology & Physical","MUNI FLOW.xml"
"01-principles","Task","EA-ObjectKey: id-16fad6daceea4c25afbd63a22036a05c
ArchiType: Artifact
Layer: Technology & Physical
SourceModel: MUNI FLOW.xml","Technology & Physical","Artifact","id-16fad6daceea4c25afbd63a22036a05c","id-16fad6daceea4c25afbd63a22036a05c","Artifact","Technology & Physical","MUNI FLOW.xml"
"flowdiscover.py","Task","EA-ObjectKey: id-173180eb82994f94a2f32c9acbfdabdd
ArchiType: Artifact
Layer: Technology & Physical
SourceModel: MUNI FLOW.xml","Technology & Physical","Artifact","id-173180eb82994f94a2f32c9acbfdabdd","id-173180eb82994f94a2f32c9acbfdabdd","Artifact","Technology & Physical","MUNI FLOW.xml"
"run-scope.txt","Task","Outcome File für Scope bestimmung Archi CSV Scripts

EA-ObjectKey: id-18dd7ab2be8d4c54a94a9fc3ae39223b
ArchiType: Artifact
Layer: Technology & Physical
SourceModel: MUNI FLOW.xml","Technology & Physical","Artifact","id-18dd7ab2be8d4c54a94a9fc3ae39223b","id-18dd7ab2be8d4c54a94a9fc3ae39223b","Artifact","Technology & Physical","MUNI FLOW.xml"
"Archi CSV Stack","Task","EA-ObjectKey: id-19a088fae4cd4498a10b5ed26855c8b6
ArchiType: Artifact
Layer: Technology & Physical
SourceModel: MUNI FLOW.xml","Technology & Physical","Artifact","id-19a088fae4cd4498a10b5ed26855c8b6","id-19a088fae4cd4498a10b5ed26855c8b6","Artifact","Technology & Physical","MUNI FLOW.xml"
"04-notes","Task","EA-ObjectKey: id-1a3a87ff11bb4664b11e3b04b41be2fc
ArchiType: Artifact
Layer: Technology & Physical
SourceModel: MUNI FLOW.xml","Technology & Physical","Artifact","id-1a3a87ff11bb4664b11e3b04b41be2fc","id-1a3a87ff11bb4664b11e3b04b41be2fc","Artifact","Technology & Physical","MUNI FLOW.xml"
"00-master","Task","EA-ObjectKey: id-1a6d3525d5054a8c96ec18a7e1da0281
ArchiType: Artifact
Layer: Technology & Physical
SourceModel: MUNI FLOW.xml","Technology & Physical","Artifact","id-1a6d3525d5054a8c96ec18a7e1da0281","id-1a6d3525d5054a8c96ec18a7e1da0281","Artifact","Technology & Physical","MUNI FLOW.xml"
"propmapping.txt","Task","Globale Regeln werden zusätzlich zu csvmapping.txt herangezogen um ganze Inhalte zu Filtern in Modellen (clearing Funktion teilweise)

EA-ObjectKey: id-206eef35195c44a7bf2f4326ac2f2d37
ArchiType: Artifact
Layer: Technology & Physical
SourceModel: MUNI FLOW.xml","Technology & Physical","Artifact","id-206eef35195c44a7bf2f4326ac2f2d37","id-206eef35195c44a7bf2f4326ac2f2d37","Artifact","Technology & Physical","MUNI FLOW.xml"
"CSV08-properties2csv.py","Task","EA-ObjectKey: id-208c84ba2c9e49caacd4c1f947b3de61
ArchiType: Artifact
Layer: Technology & Physical
SourceModel: MUNI FLOW.xml","Technology & Physical","Artifact","id-208c84ba2c9e49caacd4c1f947b3de61","id-208c84ba2c9e49caacd4c1f947b3de61","Artifact","Technology & Physical","MUNI FLOW.xml"
"fields.csv","Task","Beschreibt die Sync Felder für den CSV Export glaub ich ;)

EA-ObjectKey: id-22c3a349e29c4b97bc1932a09440a28d
ArchiType: Artifact
Layer: Technology & Physical
SourceModel: MUNI FLOW.xml","Technology & Physical","Artifact","id-22c3a349e29c4b97bc1932a09440a28d","id-22c3a349e29c4b97bc1932a09440a28d","Artifact","Technology & Physical","MUNI FLOW.xml"
"00-master","Task","EA-ObjectKey: id-235277fdf03a4e19956e2776c10b8773
ArchiType: Artifact
Layer: Technology & Physical
SourceModel: MUNI FLOW.xml","Technology & Physical","Artifact","id-235277fdf03a4e19956e2776c10b8773","id-235277fdf03a4e19956e2776c10b8773","Artifact","Technology & Physical","MUNI FLOW.xml"
"root.txt","Task","Beschreibt den installationspfad BLUEPRINT_ROOT=

EA-ObjectKey: id-2436b167f3ec4b67a35751057032ea4e
ArchiType: Artifact
Layer: Technology & Physical
SourceModel: MUNI FLOW.xml","Technology & Physical","Artifact","id-2436b167f3ec4b67a35751057032ea4e","id-2436b167f3ec4b67a35751057032ea4e","Artifact","Technology & Physical","MUNI FLOW.xml"
"01-bpmnchild","Task","EA-ObjectKey: id-2533c44b0a984e66b8abda40f4a75b6e
ArchiType: Artifact
Layer: Technology & Physical
SourceModel: MUNI FLOW.xml","Technology & Physical","Artifact","id-2533c44b0a984e66b8abda40f4a75b6e","id-2533c44b0a984e66b8abda40f4a75b6e","Artifact","Technology & Physical","MUNI FLOW.xml"
"02-how2","Task","EA-ObjectKey: id-255642a3db4b4ab0b6f00c0fde9ca65d
ArchiType: Artifact
Layer: Technology & Physical
SourceModel: MUNI FLOW.xml","Technology & Physical","Artifact","id-255642a3db4b4ab0b6f00c0fde9ca65d","id-255642a3db4b4ab0b6f00c0fde9ca65d","Artifact","Technology & Physical","MUNI FLOW.xml"
"csvmapping.txt","Task","Konfig File für CSV Filter

EA-ObjectKey: id-25b12bd718974485b7ce4842d091dc58
ArchiType: Artifact
Layer: Technology & Physical
SourceModel: MUNI FLOW.xml","Technology & Physical","Artifact","id-25b12bd718974485b7ce4842d091dc58","id-25b12bd718974485b7ce4842d091dc58","Artifact","Technology & Physical","MUNI FLOW.xml"
"XML01-collect_sources.py","Task","Liest die betroffenen Folder für den Import ein und wird über die Datei child_mapping.txt dekaliert

EA-ObjectKey: id-29eaadf1d85e49719d9da65fe742641b
ArchiType: Artifact
Layer: Technology & Physical
SourceModel: MUNI FLOW.xml","Technology & Physical","Artifact","id-29eaadf1d85e49719d9da65fe742641b","id-29eaadf1d85e49719d9da65fe742641b","Artifact","Technology & Physical","MUNI FLOW.xml"
"archimate3_Diagram.xsd","Task","EA-ObjectKey: id-2cb395e548a540c8baae3f899f7ecde5
ArchiType: Artifact
Layer: Technology & Physical
SourceModel: MUNI FLOW.xml","Technology & Physical","Artifact","id-2cb395e548a540c8baae3f899f7ecde5","id-2cb395e548a540c8baae3f899f7ecde5","Artifact","Technology & Physical","MUNI FLOW.xml"
"CSV03-resolve_run_scope.py","Task","Script das das File run-scope.txt erstellt das als Scope Filter für Scripts dient.

EA-ObjectKey: id-2e997ebf75a5429888b81725f8b48189
ArchiType: Artifact
Layer: Technology & Physical
SourceModel: MUNI FLOW.xml","Technology & Physical","Artifact","id-2e997ebf75a5429888b81725f8b48189","id-2e997ebf75a5429888b81725f8b48189","Artifact","Technology & Physical","MUNI FLOW.xml"
"M2B01-master_extract.py","Task","EA-ObjectKey: id-2f0815725ac34ea8835d7d96a8c1335b
ArchiType: Artifact
Layer: Technology & Physical
SourceModel: MUNI FLOW.xml","Technology & Physical","Artifact","id-2f0815725ac34ea8835d7d96a8c1335b","id-2f0815725ac34ea8835d7d96a8c1335b","Artifact","Technology & Physical","MUNI FLOW.xml"
"99-strukturimages","Task","Strukturelle Images für Upload in Apps oder Reports

EA-ObjectKey: id-30cb53d4d36146329c2870e9e531e4e5
ArchiType: Artifact
Layer: Technology & Physical
SourceModel: MUNI FLOW.xml","Technology & Physical","Artifact","id-30cb53d4d36146329c2870e9e531e4e5","id-30cb53d4d36146329c2870e9e531e4e5","Artifact","Technology & Physical","MUNI FLOW.xml"
"Flow.txt","Task","Beschreibung der FLOW Umgebung

EA-ObjectKey: id-33cec84cb4254f1e9c808176cfde8436
ArchiType: Artifact
Layer: Technology & Physical
SourceModel: MUNI FLOW.xml","Technology & Physical","Artifact","id-33cec84cb4254f1e9c808176cfde8436","id-33cec84cb4254f1e9c808176cfde8436","Artifact","Technology & Physical","MUNI FLOW.xml"
"00-achimatechild","Task","EA-ObjectKey: id-3b6821ab5c624a91be21e0275aa69b4b
ArchiType: Artifact
Layer: Technology & Physical
SourceModel: MUNI FLOW.xml","Technology & Physical","Artifact","id-3b6821ab5c624a91be21e0275aa69b4b","id-3b6821ab5c624a91be21e0275aa69b4b","Artifact","Technology & Physical","MUNI FLOW.xml"
"99-strukturimages","Task","EA-ObjectKey: id-3d6fde8a819246a19f3f024a67b67a6f
ArchiType: Artifact
Layer: Technology & Physical
SourceModel: MUNI FLOW.xml","Technology & Physical","Artifact","id-3d6fde8a819246a19f3f024a67b67a6f","id-3d6fde8a819246a19f3f024a67b67a6f","Artifact","Technology & Physical","MUNI FLOW.xml"
"99-export","Task","EA-ObjectKey: id-41499844342c49a1a59cd4aabbd7cafc
ArchiType: Artifact
Layer: Technology & Physical
SourceModel: MUNI FLOW.xml","Technology & Physical","Artifact","id-41499844342c49a1a59cd4aabbd7cafc","id-41499844342c49a1a59cd4aabbd7cafc","Artifact","Technology & Physical","MUNI FLOW.xml"
"02-import","Task","EA-ObjectKey: id-431fcd20fc54416c92b0dec9c56b2696
ArchiType: Artifact
Layer: Technology & Physical
SourceModel: MUNI FLOW.xml","Technology & Physical","Artifact","id-431fcd20fc54416c92b0dec9c56b2696","id-431fcd20fc54416c92b0dec9c56b2696","Artifact","Technology & Physical","MUNI FLOW.xml"
"99-exports","Task","EA-ObjectKey: id-44703bb8c25a4bc7b970e3569258c4b6
ArchiType: Artifact
Layer: Technology & Physical
SourceModel: MUNI FLOW.xml","Technology & Physical","Artifact","id-44703bb8c25a4bc7b970e3569258c4b6","id-44703bb8c25a4bc7b970e3569258c4b6","Artifact","Technology & Physical","MUNI FLOW.xml"
"M2B03-clear.py","Task","EA-ObjectKey: id-44d81207b1844b3e859aa0f1be6c88d0
ArchiType: Artifact
Layer: Technology & Physical
SourceModel: MUNI FLOW.xml","Technology & Physical","Artifact","id-44d81207b1844b3e859aa0f1be6c88d0","id-44d81207b1844b3e859aa0f1be6c88d0","Artifact","Technology & Physical","MUNI FLOW.xml"
"00-archimatearchive","Task","EA-ObjectKey: id-45bf382fdad848809c5342a8e77057b0
ArchiType: Artifact
Layer: Technology & Physical
SourceModel: MUNI FLOW.xml","Technology & Physical","Artifact","id-45bf382fdad848809c5342a8e77057b0","id-45bf382fdad848809c5342a8e77057b0","Artifact","Technology & Physical","MUNI FLOW.xml"
"child_mapping.txt","Task","Source folders to be ingested by Mastersync

Format: <source_type> - <relative_folder_from_root>

EA-ObjectKey: id-4c262f1af056436493d55536bf8d8ece
ArchiType: Artifact
Layer: Technology & Physical
SourceModel: MUNI FLOW.xml","Technology & Physical","Artifact","id-4c262f1af056436493d55536bf8d8ece","id-4c262f1af056436493d55536bf8d8ece","Artifact","Technology & Physical","MUNI FLOW.xml"
"01-bpmnimages","Task","EA-ObjectKey: id-4f443466e6e3409eabb5aaf5085c79f3
ArchiType: Artifact
Layer: Technology & Physical
SourceModel: MUNI FLOW.xml","Technology & Physical","Artifact","id-4f443466e6e3409eabb5aaf5085c79f3","id-4f443466e6e3409eabb5aaf5085c79f3","Artifact","Technology & Physical","MUNI FLOW.xml"
"How2Flow.txt","Task","Beschreibung Flow Ablauf

EA-ObjectKey: id-4f7f12b4330c484394ce962bad0eeeb1
ArchiType: Artifact
Layer: Technology & Physical
SourceModel: MUNI FLOW.xml","Technology & Physical","Artifact","id-4f7f12b4330c484394ce962bad0eeeb1","id-4f7f12b4330c484394ce962bad0eeeb1","Artifact","Technology & Physical","MUNI FLOW.xml"
"model-scope.txt","Task","Scope File (Output aus Script das schaut welche Modelle vorliegen)

EA-ObjectKey: id-5020d1ea7b3e402da7f0b518307db998
ArchiType: Artifact
Layer: Technology & Physical
SourceModel: MUNI FLOW.xml","Technology & Physical","Artifact","id-5020d1ea7b3e402da7f0b518307db998","id-5020d1ea7b3e402da7f0b518307db998","Artifact","Technology & Physical","MUNI FLOW.xml"
"CSV05-create_master_csvs.py","Task","EA-ObjectKey: id-5728e0a79ca1472f8c31640237180e77
ArchiType: Artifact
Layer: Technology & Physical
SourceModel: MUNI FLOW.xml","Technology & Physical","Artifact","id-5728e0a79ca1472f8c31640237180e77","id-5728e0a79ca1472f8c31640237180e77","Artifact","Technology & Physical","MUNI FLOW.xml"
"M2B Stack","Task","Sync Zyklus zwischen master.xml und BPMN 2.0 Modellen.

EA-ObjectKey: id-57aabc37640641ed978372ba1a0e9d73
ArchiType: Artifact
Layer: Technology & Physical
SourceModel: MUNI FLOW.xml","Technology & Physical","Artifact","id-57aabc37640641ed978372ba1a0e9d73","id-57aabc37640641ed978372ba1a0e9d73","Artifact","Technology & Physical","MUNI FLOW.xml"
"00-archimateimages","Task","EA-ObjectKey: id-58e6c8520ade4c84ba5cbdbe1a58dbfc
ArchiType: Artifact
Layer: Technology & Physical
SourceModel: MUNI FLOW.xml","Technology & Physical","Artifact","id-58e6c8520ade4c84ba5cbdbe1a58dbfc","id-58e6c8520ade4c84ba5cbdbe1a58dbfc","Artifact","Technology & Physical","MUNI FLOW.xml"
"03-child","Task","EA-ObjectKey: id-5c2cbb3e91bd4e78ab19b506b0976031
ArchiType: Artifact
Layer: Technology & Physical
SourceModel: MUNI FLOW.xml","Technology & Physical","Artifact","id-5c2cbb3e91bd4e78ab19b506b0976031","id-5c2cbb3e91bd4e78ab19b506b0976031","Artifact","Technology & Physical","MUNI FLOW.xml"
"XML07-cleanup-artifacts.py","Task","EA-ObjectKey: id-5cdf108963b342f38e87199b80fa08ca
ArchiType: Artifact
Layer: Technology & Physical
SourceModel: MUNI FLOW.xml","Technology & Physical","Artifact","id-5cdf108963b342f38e87199b80fa08ca","id-5cdf108963b342f38e87199b80fa08ca","Artifact","Technology & Physical","MUNI FLOW.xml"
"00-xml","Task","EA-ObjectKey: id-622f124f00884a1f87cb0bb7fb53383e
ArchiType: Artifact
Layer: Technology & Physical
SourceModel: MUNI FLOW.xml","Technology & Physical","Artifact","id-622f124f00884a1f87cb0bb7fb53383e","id-622f124f00884a1f87cb0bb7fb53383e","Artifact","Technology & Physical","MUNI FLOW.xml"
"02-xyarchive","Task","Für ander Apps und XML Typen als Archiv vorgesehen

EA-ObjectKey: id-62ce4ccfc17a4262923120c1dbd89759
ArchiType: Artifact
Layer: Technology & Physical
SourceModel: MUNI FLOW.xml","Technology & Physical","Artifact","id-62ce4ccfc17a4262923120c1dbd89759","id-62ce4ccfc17a4262923120c1dbd89759","Artifact","Technology & Physical","MUNI FLOW.xml"
"01-model","Task","EA-ObjectKey: id-630e4b7e9d314e3998628d79704ec863
ArchiType: Artifact
Layer: Technology & Physical
SourceModel: MUNI FLOW.xml","Technology & Physical","Artifact","id-630e4b7e9d314e3998628d79704ec863","id-630e4b7e9d314e3998628d79704ec863","Artifact","Technology & Physical","MUNI FLOW.xml"
"<Prozessname>.xml","Task","Child vom XML Folder

EA-ObjectKey: id-693021fa584d4c6898fdad8daa807658
ArchiType: Artifact
Layer: Technology & Physical
SourceModel: MUNI FLOW.xml","Technology & Physical","Artifact","id-693021fa584d4c6898fdad8daa807658","id-693021fa584d4c6898fdad8daa807658","Artifact","Technology & Physical","MUNI FLOW.xml"
"02-xyvision","Task","Zukünftige Modelle oder Applikationsfiles die in R+MUNI integriert werden sollen.

EA-ObjectKey: id-6abe85a8d6aa4de8974138c5b4bb4e0c
ArchiType: Artifact
Layer: Technology & Physical
SourceModel: MUNI FLOW.xml","Technology & Physical","Artifact","id-6abe85a8d6aa4de8974138c5b4bb4e0c","id-6abe85a8d6aa4de8974138c5b4bb4e0c","Artifact","Technology & Physical","MUNI FLOW.xml"
"01-bpmnchild","Task","EA-ObjectKey: id-6dfc245ddadc4c938965406ff39dca19
ArchiType: Artifact
Layer: Technology & Physical
SourceModel: MUNI FLOW.xml","Technology & Physical","Artifact","id-6dfc245ddadc4c938965406ff39dca19","id-6dfc245ddadc4c938965406ff39dca19","Artifact","Technology & Physical","MUNI FLOW.xml"
"00-archimateimages","Task","Image Exportfiles aus Archimate Quellen

EA-ObjectKey: id-6e5c0dfb3096468ca6fbe4e045d8e9e1
ArchiType: Artifact
Layer: Technology & Physical
SourceModel: MUNI FLOW.xml","Technology & Physical","Artifact","id-6e5c0dfb3096468ca6fbe4e045d8e9e1","id-6e5c0dfb3096468ca6fbe4e045d8e9e1","Artifact","Technology & Physical","MUNI FLOW.xml"
"Global GOV.pdf","Task","R+MUNI hat für die Entwicklung eine GOV Entwickelt die jedem frei zur Verfügung steht der direkt in dem Projekt mitarbeiten möchte

EA-ObjectKey: id-6e618946a8bc44149ff1c3572980d947
ArchiType: Artifact
Layer: Technology & Physical
SourceModel: MUNI FLOW.xml","Technology & Physical","Artifact","id-6e618946a8bc44149ff1c3572980d947","id-6e618946a8bc44149ff1c3572980d947","Artifact","Technology & Physical","MUNI FLOW.xml"
"00-master","Task","EA-ObjectKey: id-7059aaa0f076480895a2b1eb11b98689
ArchiType: Artifact
Layer: Technology & Physical
SourceModel: MUNI FLOW.xml","Technology & Physical","Artifact","id-7059aaa0f076480895a2b1eb11b98689","id-7059aaa0f076480895a2b1eb11b98689","Artifact","Technology & Physical","MUNI FLOW.xml"
"01-archimateactivesub","Task","EA-ObjectKey: id-71cb3ab136a04237a86fa2a937d756c3
ArchiType: Artifact
Layer: Technology & Physical
SourceModel: MUNI FLOW.xml","Technology & Physical","Artifact","id-71cb3ab136a04237a86fa2a937d756c3","id-71cb3ab136a04237a86fa2a937d756c3","Artifact","Technology & Physical","MUNI FLOW.xml"
"02-sync","Task","EA-ObjectKey: id-7af8774ec9f4495daa4ab25210ca787f
ArchiType: Artifact
Layer: Technology & Physical
SourceModel: MUNI FLOW.xml","Technology & Physical","Artifact","id-7af8774ec9f4495daa4ab25210ca787f","id-7af8774ec9f4495daa4ab25210ca787f","Artifact","Technology & Physical","MUNI FLOW.xml"
"CSV99-export_snapshot.py","Task","EA-ObjectKey: id-7e81ae44cbc145d38fc4bca88fbcda3a
ArchiType: Artifact
Layer: Technology & Physical
SourceModel: MUNI FLOW.xml","Technology & Physical","Artifact","id-7e81ae44cbc145d38fc4bca88fbcda3a","id-7e81ae44cbc145d38fc4bca88fbcda3a","Artifact","Technology & Physical","MUNI FLOW.xml"
"02-xychild","Task","EA-ObjectKey: id-88dd36e30889463bb8a9837d12636ecb
ArchiType: Artifact
Layer: Technology & Physical
SourceModel: MUNI FLOW.xml","Technology & Physical","Artifact","id-88dd36e30889463bb8a9837d12636ecb","id-88dd36e30889463bb8a9837d12636ecb","Artifact","Technology & Physical","MUNI FLOW.xml"
"<Prozessname>.xml","Task","Active Prozesse werden als File mit dem Prozessnamen abgelegt und bilden die akive Strutkur

EA-ObjectKey: id-8919a7825ffa47fd8fd8e1c66621cd6b
ArchiType: Artifact
Layer: Technology & Physical
SourceModel: MUNI FLOW.xml","Technology & Physical","Artifact","id-8919a7825ffa47fd8fd8e1c66621cd6b","id-8919a7825ffa47fd8fd8e1c66621cd6b","Artifact","Technology & Physical","MUNI FLOW.xml"
"01-mapping","Task","EA-ObjectKey: id-89342a51a5104ca29696b1658adb1653
ArchiType: Artifact
Layer: Technology & Physical
SourceModel: MUNI FLOW.xml","Technology & Physical","Artifact","id-89342a51a5104ca29696b1658adb1653","id-89342a51a5104ca29696b1658adb1653","Artifact","Technology & Physical","MUNI FLOW.xml"
"<modelname>.xslx","Task","01-model

EA-ObjectKey: id-89dc358011344d50a2a3f6678c60c9a6
ArchiType: Artifact
Layer: Technology & Physical
SourceModel: MUNI FLOW.xml","Technology & Physical","Artifact","id-89dc358011344d50a2a3f6678c60c9a6","id-89dc358011344d50a2a3f6678c60c9a6","Artifact","Technology & Physical","MUNI FLOW.xml"
"01-mapping","Task","EA-ObjectKey: id-8b2217d22dd543e6b53af478d13e476e
ArchiType: Artifact
Layer: Technology & Physical
SourceModel: MUNI FLOW.xml","Technology & Physical","Artifact","id-8b2217d22dd543e6b53af478d13e476e","id-8b2217d22dd543e6b53af478d13e476e","Artifact","Technology & Physical","MUNI FLOW.xml"
"03-stages","Task","EA-ObjectKey: id-8bb1ba815b334d1a86188f4848e29de4
ArchiType: Artifact
Layer: Technology & Physical
SourceModel: MUNI FLOW.xml","Technology & Physical","Artifact","id-8bb1ba815b334d1a86188f4848e29de4","id-8bb1ba815b334d1a86188f4848e29de4","Artifact","Technology & Physical","MUNI FLOW.xml"
"02-csv","Task","EA-ObjectKey: id-8e14f139525542bba359e6a616155c2d
ArchiType: Artifact
Layer: Technology & Physical
SourceModel: MUNI FLOW.xml","Technology & Physical","Artifact","id-8e14f139525542bba359e6a616155c2d","id-8e14f139525542bba359e6a616155c2d","Artifact","Technology & Physical","MUNI FLOW.xml"
"mappingmodel","Task","Stellt

EA-ObjectKey: id-8e41f059f8f34d94acdc809d4f23ada4
ArchiType: Artifact
Layer: Technology & Physical
SourceModel: MUNI FLOW.xml","Technology & Physical","Artifact","id-8e41f059f8f34d94acdc809d4f23ada4","id-8e41f059f8f34d94acdc809d4f23ada4","Artifact","Technology & Physical","MUNI FLOW.xml"
"CSV09-masterxml2csv.py","Task","EA-ObjectKey: id-8ec264da9f034c63af7d1bb8d7172d8e
ArchiType: Artifact
Layer: Technology & Physical
SourceModel: MUNI FLOW.xml","Technology & Physical","Artifact","id-8ec264da9f034c63af7d1bb8d7172d8e","id-8ec264da9f034c63af7d1bb8d7172d8e","Artifact","Technology & Physical","MUNI FLOW.xml"
"01-bpmnimages","Task","Image Exportfiles von BPMN 2.0 Quellen

EA-ObjectKey: id-9018378080544ceabdbe43683aa6df2d
ArchiType: Artifact
Layer: Technology & Physical
SourceModel: MUNI FLOW.xml","Technology & Physical","Artifact","id-9018378080544ceabdbe43683aa6df2d","id-9018378080544ceabdbe43683aa6df2d","Artifact","Technology & Physical","MUNI FLOW.xml"
"01-scripts","Task","EA-ObjectKey: id-906e905892e548608de51d46d11c0cdb
ArchiType: Artifact
Layer: Technology & Physical
SourceModel: MUNI FLOW.xml","Technology & Physical","Artifact","id-906e905892e548608de51d46d11c0cdb","id-906e905892e548608de51d46d11c0cdb","Artifact","Technology & Physical","MUNI FLOW.xml"
"Aktives Modell <modelname>.archimate","Task","Aktives Modell (Big Picture) eigentliche Hauptaussage bzw. Zweck des gewählten Modellansatzes

EA-ObjectKey: id-92fece2374424122bd2c37707254a3e6
ArchiType: Artifact
Layer: Technology & Physical
SourceModel: MUNI FLOW.xml","Technology & Physical","Artifact","id-92fece2374424122bd2c37707254a3e6","id-92fece2374424122bd2c37707254a3e6","Artifact","Technology & Physical","MUNI FLOW.xml"
"XML05-clear_merge.py","Task","EA-ObjectKey: id-9584aebb4c6a4270908b1ee5a03b4ba4
ArchiType: Artifact
Layer: Technology & Physical
SourceModel: MUNI FLOW.xml","Technology & Physical","Artifact","id-9584aebb4c6a4270908b1ee5a03b4ba4","id-9584aebb4c6a4270908b1ee5a03b4ba4","Artifact","Technology & Physical","MUNI FLOW.xml"
"XML02-parse_child_xml.py","Task","EA-ObjectKey: id-989ed20da8e54aecb948b8aee2262c81
ArchiType: Artifact
Layer: Technology & Physical
SourceModel: MUNI FLOW.xml","Technology & Physical","Artifact","id-989ed20da8e54aecb948b8aee2262c81","id-989ed20da8e54aecb948b8aee2262c81","Artifact","Technology & Physical","MUNI FLOW.xml"
"00-archimate","Task","EA-ObjectKey: id-9901256f206d4cba8c9a2204a0ea60bd
ArchiType: Artifact
Layer: Technology & Physical
SourceModel: MUNI FLOW.xml","Technology & Physical","Artifact","id-9901256f206d4cba8c9a2204a0ea60bd","id-9901256f206d4cba8c9a2204a0ea60bd","Artifact","Technology & Physical","MUNI FLOW.xml"
"00-archimatechild","Task","EA-ObjectKey: id-9905bdf7d77140c4a931348041ad07ba
ArchiType: Artifact
Layer: Technology & Physical
SourceModel: MUNI FLOW.xml","Technology & Physical","Artifact","id-9905bdf7d77140c4a931348041ad07ba","id-9905bdf7d77140c4a931348041ad07ba","Artifact","Technology & Physical","MUNI FLOW.xml"
"03-child","Task","EA-ObjectKey: id-993d7651ca474aecb5dcec2b1f3f12c2
ArchiType: Artifact
Layer: Technology & Physical
SourceModel: MUNI FLOW.xml","Technology & Physical","Artifact","id-993d7651ca474aecb5dcec2b1f3f12c2","id-993d7651ca474aecb5dcec2b1f3f12c2","Artifact","Technology & Physical","MUNI FLOW.xml"
"mapping.txt","Task","Bildet den ""Filter"" für die Überleitung in das Master

EA-ObjectKey: id-9c05bd6a1dc143a798e925b1607a4ad1
ArchiType: Artifact
Layer: Technology & Physical
SourceModel: MUNI FLOW.xml","Technology & Physical","Artifact","id-9c05bd6a1dc143a798e925b1607a4ad1","id-9c05bd6a1dc143a798e925b1607a4ad1","Artifact","Technology & Physical","MUNI FLOW.xml"
"00-archimatechild","Task","EA-ObjectKey: id-9e056f29d0ef414cb59e97e0dddd26bd
ArchiType: Artifact
Layer: Technology & Physical
SourceModel: MUNI FLOW.xml","Technology & Physical","Artifact","id-9e056f29d0ef414cb59e97e0dddd26bd","id-9e056f29d0ef414cb59e97e0dddd26bd","Artifact","Technology & Physical","MUNI FLOW.xml"
"TEF00-Ordnerstruktur und Rechtevergabe","Task","Das ist ein nicht EA konformes mapping der Ordner und Filestruktur und geht viel zu tief ins Detail um als EA Modell gültigkeit zu haben. Es ist ein ersatz um keinen Toolbruch zu generieren ist aber überraschend gut geeignet wenn man simple verbindungen und Attribute verwendet.

EA-ObjectKey: id-9f1d90d506484706b90555fe3ee7d6e2
ArchiType: TechnologyFunction
Layer: Technology & Physical
SourceModel: MUNI FLOW.xml","Technology & Physical","TechnologyFunction","id-9f1d90d506484706b90555fe3ee7d6e2","id-9f1d90d506484706b90555fe3ee7d6e2","TechnologyFunction","Technology & Physical","MUNI FLOW.xml"
"M2B00-root_resolve.py","Task","EA-ObjectKey: id-a11bb4e82514467e8045cbb18a511b79
ArchiType: Artifact
Layer: Technology & Physical
SourceModel: MUNI FLOW.xml","Technology & Physical","Artifact","id-a11bb4e82514467e8045cbb18a511b79","id-a11bb4e82514467e8045cbb18a511b79","Artifact","Technology & Physical","MUNI FLOW.xml"
"03-XLSX","Task","EA-ObjectKey: id-a323307c60964671bbe70e7c1b867da8
ArchiType: Artifact
Layer: Technology & Physical
SourceModel: MUNI FLOW.xml","Technology & Physical","Artifact","id-a323307c60964671bbe70e7c1b867da8","id-a323307c60964671bbe70e7c1b867da8","Artifact","Technology & Physical","MUNI FLOW.xml"
"properties.csv","Task","EA-ObjectKey: id-a34f55d257234f7fa20f14845586b3a5
ArchiType: Artifact
Layer: Technology & Physical
SourceModel: MUNI FLOW.xml","Technology & Physical","Artifact","id-a34f55d257234f7fa20f14845586b3a5","id-a34f55d257234f7fa20f14845586b3a5","Artifact","Technology & Physical","MUNI FLOW.xml"
"03-child","Task","EA-ObjectKey: id-a4f6528d4de5411fbda054cc02c4d1c5
ArchiType: Artifact
Layer: Technology & Physical
SourceModel: MUNI FLOW.xml","Technology & Physical","Artifact","id-a4f6528d4de5411fbda054cc02c4d1c5","id-a4f6528d4de5411fbda054cc02c4d1c5","Artifact","Technology & Physical","MUNI FLOW.xml"
"flowtriggers.txt","Task","EA-ObjectKey: id-a67dbd1efb464154975322222a5bd8cd
ArchiType: Artifact
Layer: Technology & Physical
SourceModel: MUNI FLOW.xml","Technology & Physical","Artifact","id-a67dbd1efb464154975322222a5bd8cd","id-a67dbd1efb464154975322222a5bd8cd","Artifact","Technology & Physical","MUNI FLOW.xml"
"XML03-build_index.py","Task","EA-ObjectKey: id-a80d55857aad43578201aa49fdf50065
ArchiType: Artifact
Layer: Technology & Physical
SourceModel: MUNI FLOW.xml","Technology & Physical","Artifact","id-a80d55857aad43578201aa49fdf50065","id-a80d55857aad43578201aa49fdf50065","Artifact","Technology & Physical","MUNI FLOW.xml"
"FLOW Stack","Task","EA-ObjectKey: id-ab375f1a7ba0476dbe2094bb119ad2e5
ArchiType: Artifact
Layer: Technology & Physical
SourceModel: MUNI FLOW.xml","Technology & Physical","Artifact","id-ab375f1a7ba0476dbe2094bb119ad2e5","id-ab375f1a7ba0476dbe2094bb119ad2e5","Artifact","Technology & Physical","MUNI FLOW.xml"
"01-bpmnchild","Task","EA-ObjectKey: id-afc66898b347400e922f0b5b730be0ba
ArchiType: Artifact
Layer: Technology & Physical
SourceModel: MUNI FLOW.xml","Technology & Physical","Artifact","id-afc66898b347400e922f0b5b730be0ba","id-afc66898b347400e922f0b5b730be0ba","Artifact","Technology & Physical","MUNI FLOW.xml"
"BPMN 2.0 Export<modellname>.svg (copy)","Task","EA-ObjectKey: id-b41115294b6f491ca603d213a9e71576
ArchiType: Artifact
Layer: Technology & Physical
SourceModel: MUNI FLOW.xml","Technology & Physical","Artifact","id-b41115294b6f491ca603d213a9e71576","id-b41115294b6f491ca603d213a9e71576","Artifact","Technology & Physical","MUNI FLOW.xml"
"archimate3_Model.xsd","Task","EA-ObjectKey: id-b593c22f709947638b16e64add7e990d
ArchiType: Artifact
Layer: Technology & Physical
SourceModel: MUNI FLOW.xml","Technology & Physical","Artifact","id-b593c22f709947638b16e64add7e990d","id-b593c22f709947638b16e64add7e990d","Artifact","Technology & Physical","MUNI FLOW.xml"
"struktur.txt","Task","Referenz für Folder check und stellt die Struktur dar wird mittels Powershell Befehl tree /A /F > struktur.txt ausgelöst direkte Eingabe in Konsole

EA-ObjectKey: id-b7574a7b092d46198ea3e5d46cdf334f
ArchiType: Artifact
Layer: Technology & Physical
SourceModel: MUNI FLOW.xml","Technology & Physical","Artifact","id-b7574a7b092d46198ea3e5d46cdf334f","id-b7574a7b092d46198ea3e5d46cdf334f","Artifact","Technology & Physical","MUNI FLOW.xml"
"SCRIPT-BAUKASTEN.txt","Task","Beschreibung Script Baukasten

EA-ObjectKey: id-ba91148db6b64ee89c4833158f88db42
ArchiType: Artifact
Layer: Technology & Physical
SourceModel: MUNI FLOW.xml","Technology & Physical","Artifact","id-ba91148db6b64ee89c4833158f88db42","id-ba91148db6b64ee89c4833158f88db42","Artifact","Technology & Physical","MUNI FLOW.xml"
"CSV00-validate_environment.py","Task","Evaluiert das Installationsverzeichnis

EA-ObjectKey: id-baa4841b6dd8418f9c024f861d47bf59
ArchiType: Artifact
Layer: Technology & Physical
SourceModel: MUNI FLOW.xml","Technology & Physical","Artifact","id-baa4841b6dd8418f9c024f861d47bf59","id-baa4841b6dd8418f9c024f861d47bf59","Artifact","Technology & Physical","MUNI FLOW.xml"
"XML00-resolve_root.py","Task","Ermittelt im root.txt die <rootfolder> information von der aus die Struktur relativ aufgelöst wird.

EA-ObjectKey: id-bafb66f26ac3434a8b1aeeac670afc87
ArchiType: Artifact
Layer: Technology & Physical
SourceModel: MUNI FLOW.xml","Technology & Physical","Artifact","id-bafb66f26ac3434a8b1aeeac670afc87","id-bafb66f26ac3434a8b1aeeac670afc87","Artifact","Technology & Physical","MUNI FLOW.xml"
"Archi XML Stack","Task","EA-ObjectKey: id-bc547ea6e9ab412aacb7071d2e374229
ArchiType: Artifact
Layer: Technology & Physical
SourceModel: MUNI FLOW.xml","Technology & Physical","Artifact","id-bc547ea6e9ab412aacb7071d2e374229","id-bc547ea6e9ab412aacb7071d2e374229","Artifact","Technology & Physical","MUNI FLOW.xml"
"Sub Modell <modelname>.archimate","Task","Beschreibt die Sub Modelle des Aktiven Modelles

EA-ObjectKey: id-c03f953b205848ba8f11b62529937975
ArchiType: Artifact
Layer: Technology & Physical
SourceModel: MUNI FLOW.xml","Technology & Physical","Artifact","id-c03f953b205848ba8f11b62529937975","id-c03f953b205848ba8f11b62529937975","Artifact","Technology & Physical","MUNI FLOW.xml"
"R+MUNI help files","Task","Dokufiles, readme, how2, beschreibende Modelle und was man sonst noch so brauchen kann.

EA-ObjectKey: id-c191a3f8e5674f70b8f6292c2f7a5eb5
ArchiType: Artifact
Layer: Technology & Physical
SourceModel: MUNI FLOW.xml","Technology & Physical","Artifact","id-c191a3f8e5674f70b8f6292c2f7a5eb5","id-c191a3f8e5674f70b8f6292c2f7a5eb5","Artifact","Technology & Physical","MUNI FLOW.xml"
"Archi Export<modellname>.svg","Task","EA-ObjectKey: id-c2cefd64e90346c182ad23c43ede76fd
ArchiType: Artifact
Layer: Technology & Physical
SourceModel: MUNI FLOW.xml","Technology & Physical","Artifact","id-c2cefd64e90346c182ad23c43ede76fd","id-c2cefd64e90346c182ad23c43ede76fd","Artifact","Technology & Physical","MUNI FLOW.xml"
"99-bpmnMUNI","Task","Ordner für R+MUNI Spezifische BPMN 2.0 Diagrammabläufe

EA-ObjectKey: id-c3fadf01b1f4402badad30cdcaa327e4
ArchiType: Artifact
Layer: Technology & Physical
SourceModel: MUNI FLOW.xml","Technology & Physical","Artifact","id-c3fadf01b1f4402badad30cdcaa327e4","id-c3fadf01b1f4402badad30cdcaa327e4","Artifact","Technology & Physical","MUNI FLOW.xml"
"archimate3_View.xsd","Task","EA-ObjectKey: id-c4596a07c5504e4c85fa0427ef712b58
ArchiType: Artifact
Layer: Technology & Physical
SourceModel: MUNI FLOW.xml","Technology & Physical","Artifact","id-c4596a07c5504e4c85fa0427ef712b58","id-c4596a07c5504e4c85fa0427ef712b58","Artifact","Technology & Physical","MUNI FLOW.xml"
"XML06-finalize-master.py","Task","EA-ObjectKey: id-c46b9c924da746e0a0dbc369a466e093
ArchiType: Artifact
Layer: Technology & Physical
SourceModel: MUNI FLOW.xml","Technology & Physical","Artifact","id-c46b9c924da746e0a0dbc369a466e093","id-c46b9c924da746e0a0dbc369a466e093","Artifact","Technology & Physical","MUNI FLOW.xml"
"M2B02-activate_model.py","Task","EA-ObjectKey: id-c5af2c3deaf14fc3bd0be93b918dc798
ArchiType: Artifact
Layer: Technology & Physical
SourceModel: MUNI FLOW.xml","Technology & Physical","Artifact","id-c5af2c3deaf14fc3bd0be93b918dc798","id-c5af2c3deaf14fc3bd0be93b918dc798","Artifact","Technology & Physical","MUNI FLOW.xml"
"04-flow","Task","EA-ObjectKey: id-c5ed512bbd0449128f0158fa32312d3c
ArchiType: Artifact
Layer: Technology & Physical
SourceModel: MUNI FLOW.xml","Technology & Physical","Artifact","id-c5ed512bbd0449128f0158fa32312d3c","id-c5ed512bbd0449128f0158fa32312d3c","Artifact","Technology & Physical","MUNI FLOW.xml"
"01-bpmnarchive","Task","EA-ObjectKey: id-c846f48a16ec4ad4a3715ced1331a677
ArchiType: Artifact
Layer: Technology & Physical
SourceModel: MUNI FLOW.xml","Technology & Physical","Artifact","id-c846f48a16ec4ad4a3715ced1331a677","id-c846f48a16ec4ad4a3715ced1331a677","Artifact","Technology & Physical","MUNI FLOW.xml"
"<Prozessname>.xml","Task","Child vom CSV Folder

EA-ObjectKey: id-ca7bd9aef88a4fe9804f4d7f5d04870e
ArchiType: Artifact
Layer: Technology & Physical
SourceModel: MUNI FLOW.xml","Technology & Physical","Artifact","id-ca7bd9aef88a4fe9804f4d7f5d04870e","id-ca7bd9aef88a4fe9804f4d7f5d04870e","Artifact","Technology & Physical","MUNI FLOW.xml"
"05-images","Task","EA-ObjectKey: id-cb24c209dba2492b86d41b7665a66a42
ArchiType: Artifact
Layer: Technology & Physical
SourceModel: MUNI FLOW.xml","Technology & Physical","Artifact","id-cb24c209dba2492b86d41b7665a66a42","id-cb24c209dba2492b86d41b7665a66a42","Artifact","Technology & Physical","MUNI FLOW.xml"
"master.generated.xml","Task","Generierter Master für den austausch zwischen Modellen und als Quelle für den Reimport.

EA-ObjectKey: id-cba39da599364508b76fbeaa30fc52f8
ArchiType: Artifact
Layer: Technology & Physical
SourceModel: MUNI FLOW.xml","Technology & Physical","Artifact","id-cba39da599364508b76fbeaa30fc52f8","id-cba39da599364508b76fbeaa30fc52f8","Artifact","Technology & Physical","MUNI FLOW.xml"
"How2Archi2CSVFlow.txt","Task","Helpfile für CSV Flow

EA-ObjectKey: id-cc0af84e8e3f45e09c319a91a32ec897
ArchiType: Artifact
Layer: Technology & Physical
SourceModel: MUNI FLOW.xml","Technology & Physical","Artifact","id-cc0af84e8e3f45e09c319a91a32ec897","id-cc0af84e8e3f45e09c319a91a32ec897","Artifact","Technology & Physical","MUNI FLOW.xml"
"How2MasterXMLFlow.txt","Task","Unser Kreislauf für das mapping.xml wird hier beschrieben

EA-ObjectKey: id-ccb6bc9d07ea4899a1554fdf65258062
ArchiType: Artifact
Layer: Technology & Physical
SourceModel: MUNI FLOW.xml","Technology & Physical","Artifact","id-ccb6bc9d07ea4899a1554fdf65258062","id-ccb6bc9d07ea4899a1554fdf65258062","Artifact","Technology & Physical","MUNI FLOW.xml"
"child_mapping.txt","Task","Dort werden die relevanten Ordner reverenziert die für den Sync herangezogen werden

EA-ObjectKey: id-da31b582c0d34ac1b8f24a4916a855f7
ArchiType: Artifact
Layer: Technology & Physical
SourceModel: MUNI FLOW.xml","Technology & Physical","Artifact","id-da31b582c0d34ac1b8f24a4916a855f7","id-da31b582c0d34ac1b8f24a4916a855f7","Artifact","Technology & Physical","MUNI FLOW.xml"
"elements.csv","Task","EA-ObjectKey: id-dad2065546e444a4904e6c70cb2f32e3
ArchiType: Artifact
Layer: Technology & Physical
SourceModel: MUNI FLOW.xml","Technology & Physical","Artifact","id-dad2065546e444a4904e6c70cb2f32e3","id-dad2065546e444a4904e6c70cb2f32e3","Artifact","Technology & Physical","MUNI FLOW.xml"
"csvexport.txt","Task","Beschreibt die Sync Felder für den CSV Export glaub ich ;)

EA-ObjectKey: id-de25f48ad4ec478d9b2bc32cefe7e748
ArchiType: Artifact
Layer: Technology & Physical
SourceModel: MUNI FLOW.xml","Technology & Physical","Artifact","id-de25f48ad4ec478d9b2bc32cefe7e748","id-de25f48ad4ec478d9b2bc32cefe7e748","Artifact","Technology & Physical","MUNI FLOW.xml"
"jArchi Scirpts","Task","EA-ObjectKey: id-de59190d08084a388e565d0d8011eb0b
ArchiType: Artifact
Layer: Technology & Physical
SourceModel: MUNI FLOW.xml","Technology & Physical","Artifact","id-de59190d08084a388e565d0d8011eb0b","id-de59190d08084a388e565d0d8011eb0b","Artifact","Technology & Physical","MUNI FLOW.xml"
"XML04-merge_master.py","Task","EA-ObjectKey: id-dfcff32751de454ab2382bb00d0fa817
ArchiType: Artifact
Layer: Technology & Physical
SourceModel: MUNI FLOW.xml","Technology & Physical","Artifact","id-dfcff32751de454ab2382bb00d0fa817","id-dfcff32751de454ab2382bb00d0fa817","Artifact","Technology & Physical","MUNI FLOW.xml"
"M2B04-reconcile_enrich.py","Task","EA-ObjectKey: id-dffac2aa7bc9470890066b2945899e8d
ArchiType: Artifact
Layer: Technology & Physical
SourceModel: MUNI FLOW.xml","Technology & Physical","Artifact","id-dffac2aa7bc9470890066b2945899e8d","id-dffac2aa7bc9470890066b2945899e8d","Artifact","Technology & Physical","MUNI FLOW.xml"
"How2Master2BPMNProzess.txt","Task","EA-ObjectKey: id-e010123cc6e847569d15066b4b32cb73
ArchiType: Artifact
Layer: Technology & Physical
SourceModel: MUNI FLOW.xml","Technology & Physical","Artifact","id-e010123cc6e847569d15066b4b32cb73","id-e010123cc6e847569d15066b4b32cb73","Artifact","Technology & Physical","MUNI FLOW.xml"
"CSV01-validate_model.py","Task","Evaluiert verfügbare Modelle in den Child Foldern und im Activen und Subfolder

EA-ObjectKey: id-e0191ed72d4042b39a9ef304f6881ead
ArchiType: Artifact
Layer: Technology & Physical
SourceModel: MUNI FLOW.xml","Technology & Physical","Artifact","id-e0191ed72d4042b39a9ef304f6881ead","id-e0191ed72d4042b39a9ef304f6881ead","Artifact","Technology & Physical","MUNI FLOW.xml"
"02-xychild","Task","EA-ObjectKey: id-e269c4e7c8ae4ebab59f6c3343ffdace
ArchiType: Artifact
Layer: Technology & Physical
SourceModel: MUNI FLOW.xml","Technology & Physical","Artifact","id-e269c4e7c8ae4ebab59f6c3343ffdace","id-e269c4e7c8ae4ebab59f6c3343ffdace","Artifact","Technology & Physical","MUNI FLOW.xml"
"<MUNI Installaionspfad>","Task","Installationspfad von der MUNI Strutkur

EA-ObjectKey: id-e476f1042d744a579f68152ae06aedf0
ArchiType: Artifact
Layer: Technology & Physical
SourceModel: MUNI FLOW.xml","Technology & Physical","Artifact","id-e476f1042d744a579f68152ae06aedf0","id-e476f1042d744a579f68152ae06aedf0","Artifact","Technology & Physical","MUNI FLOW.xml"
"<Modellname>.xml","Task","EA-ObjectKey: id-e558094782ed4d08bbc31b83cf044e20
ArchiType: Artifact
Layer: Technology & Physical
SourceModel: MUNI FLOW.xml","Technology & Physical","Artifact","id-e558094782ed4d08bbc31b83cf044e20","id-e558094782ed4d08bbc31b83cf044e20","Artifact","Technology & Physical","MUNI FLOW.xml"
"relations.csv","Task","EA-ObjectKey: id-eb3bb263bb9f41fc89cee68944165a94
ArchiType: Artifact
Layer: Technology & Physical
SourceModel: MUNI FLOW.xml","Technology & Physical","Artifact","id-eb3bb263bb9f41fc89cee68944165a94","id-eb3bb263bb9f41fc89cee68944165a94","Artifact","Technology & Physical","MUNI FLOW.xml"
"02-xychild","Task","Zukünftige App oder Sync XML

EA-ObjectKey: id-ec4f2128d31d471e8e53aa6f61f4d1bf
ArchiType: Artifact
Layer: Technology & Physical
SourceModel: MUNI FLOW.xml","Technology & Physical","Artifact","id-ec4f2128d31d471e8e53aa6f61f4d1bf","id-ec4f2128d31d471e8e53aa6f61f4d1bf","Artifact","Technology & Physical","MUNI FLOW.xml"
"context.txt","Task","CONTEXT=

EA-ObjectKey: id-ef4ae7dced5b492e9934adb6bce3fd0c
ArchiType: Artifact
Layer: Technology & Physical
SourceModel: MUNI FLOW.xml","Technology & Physical","Artifact","id-ef4ae7dced5b492e9934adb6bce3fd0c","id-ef4ae7dced5b492e9934adb6bce3fd0c","Artifact","Technology & Physical","MUNI FLOW.xml"
"CSV04-model-overview.py","Task","EA-ObjectKey: id-f0a5754f797c44acbcef4a3c321f5998
ArchiType: Artifact
Layer: Technology & Physical
SourceModel: MUNI FLOW.xml","Technology & Physical","Artifact","id-f0a5754f797c44acbcef4a3c321f5998","id-f0a5754f797c44acbcef4a3c321f5998","Artifact","Technology & Physical","MUNI FLOW.xml"
"CSV07-xlsx_2_csv.py","Task","EA-ObjectKey: id-f4fa780a9ba6490c912ce5ce953525f1
ArchiType: Artifact
Layer: Technology & Physical
SourceModel: MUNI FLOW.xml","Technology & Physical","Artifact","id-f4fa780a9ba6490c912ce5ce953525f1","id-f4fa780a9ba6490c912ce5ce953525f1","Artifact","Technology & Physical","MUNI FLOW.xml"
"05-Images","Task","Platz für Images für die Umgebung

EA-ObjectKey: id-f63fc1f49d204c4aa6ca6f55d5c2ac81
ArchiType: Artifact
Layer: Technology & Physical
SourceModel: MUNI FLOW.xml","Technology & Physical","Artifact","id-f63fc1f49d204c4aa6ca6f55d5c2ac81","id-f63fc1f49d204c4aa6ca6f55d5c2ac81","Artifact","Technology & Physical","MUNI FLOW.xml"
"jA01-Validierung Namen.ajs","Task","Ceckt namen ob sie der Namenskonvention entsprechen

EA-ObjectKey: id-f92597e4cb0b46dabba8381bde32c807
ArchiType: Artifact
Layer: Technology & Physical
SourceModel: MUNI FLOW.xml","Technology & Physical","Artifact","id-f92597e4cb0b46dabba8381bde32c807","id-f92597e4cb0b46dabba8381bde32c807","Artifact","Technology & Physical","MUNI FLOW.xml"
"01-bpmn","Task","EA-ObjectKey: id-fb78bb528d4e433cb5e8e4f4a2b29a5f
ArchiType: Artifact
Layer: Technology & Physical
SourceModel: MUNI FLOW.xml","Technology & Physical","Artifact","id-fb78bb528d4e433cb5e8e4f4a2b29a5f","id-fb78bb528d4e433cb5e8e4f4a2b29a5f","Artifact","Technology & Physical","MUNI FLOW.xml"
"01-sync","Task","EA-ObjectKey: id-ff54c1a6e5c64e378bcebcc23e415d35
ArchiType: Artifact
Layer: Technology & Physical
SourceModel: MUNI FLOW.xml","Technology & Physical","Artifact","id-ff54c1a6e5c64e378bcebcc23e415d35","id-ff54c1a6e5c64e378bcebcc23e415d35","Artifact","Technology & Physical","MUNI FLOW.xml"
