"ID","Type","Name","Documentation","Source","Target","Specialization"
"id-129265cd30ff40b2a3534eaaa52d37f2","AccessRelationship","","","id-04d63fc625ef46dd99d301c9d647a626","id-ddc5d5f706b24d0482ae3f7e504c8638",""
"id-9e37ebb1ec844c11a49366a79731703c","AccessRelationship","","","id-31b2b9431eb741fe845bf7420bcb36b4","id-bc0b10d6225147619307d89e11def2b4",""
"id-5b83ce91e3c64e4fb42147b8fa53ac3b","AccessRelationship","","","id-f40225e3f9504ddfa56eb22b95fc3ce9","id-afb6eefbbd0548699e65384387b61759",""
"id-23412768ac914b34b0d921c92d3e3702","AccessRelationship","","","id-df247b5f9ebb4d768ec0d00b795e3502","id-5e8a5cc38c3341a1b92b5c6588d11027",""
"id-a8fbd0c45b9140f3854421c48dca76f2","AccessRelationship","","","id-8e3e68f7c3b54c6d996c1c65cd4d3eab","id-afb6eefbbd0548699e65384387b61759",""
"id-e037eeb24a724feaa51bde37e64136c7","AccessRelationship","","","id-7ebdb2a2d877437b8d3b8945b31aff5e","id-e7247550ca144a27a94f66268ab718ff",""
"id-3ec4c3387569430ebb6aa43804a65062","AccessRelationship","","","id-7ebdb2a2d877437b8d3b8945b31aff5e","id-508d8fb39ffa4a62bd09d5abab1f79bd",""
"id-285eaecd1f074c379593ee5c201c4bc9","AccessRelationship","","","id-7ebdb2a2d877437b8d3b8945b31aff5e","id-a5a178d05fd94bd9ba6a199ddd6a6e21",""
"id-52d4c31656ff4d59891103e1e9c83d59","AccessRelationship","","","id-7ebdb2a2d877437b8d3b8945b31aff5e","id-bc0b10d6225147619307d89e11def2b4",""
"id-f49cb961e7484934b8bb337eb0fd6ad7","AccessRelationship","","","id-7ebdb2a2d877437b8d3b8945b31aff5e","id-ddc5d5f706b24d0482ae3f7e504c8638",""
"id-cc7c3a6ff6334363aedc9ffedf60f642","AccessRelationship","","","id-1e951c3ecb254860b2a829c8ca2895c3","id-55bf18ce80c64078a01cd08d1249ce34",""
"id-0641b7f8197547f1bdd9c0250845d4f2","AccessRelationship","","","id-da9bf2a418c3489e8a3ad16632c02566","id-55bf18ce80c64078a01cd08d1249ce34",""
"id-f6c473a60fc64288b2b5e870862f02f8","AccessRelationship","","","id-a3a7ba26228142be94e11c8099b1f549","id-55bf18ce80c64078a01cd08d1249ce34",""
"id-0dd72fbe0dce4ff29bb8a214d5bee467","AccessRelationship","","","id-94f52e6fd1f644e7938c274d6da9f223","id-ffd948a082514d22a9efa9f9c576d4b3",""
"id-9151abca9579491c959f8358e417da56","AccessRelationship","","","id-f0c53e2b0d4c45f78453cfe7ea090c5e","id-ffd948a082514d22a9efa9f9c576d4b3",""
"id-3ff7d766109742e0817199a35111380a","AccessRelationship","","","id-f0c53e2b0d4c45f78453cfe7ea090c5e","id-f65114adf355489496223cedcc6ab65b",""
"id-14d9f34fb6534b3daa9e9cfb46119d0a","AccessRelationship","","","id-94f52e6fd1f644e7938c274d6da9f223","id-f65114adf355489496223cedcc6ab65b",""
"id-1a19112a0584468087ff2b9d293504b3","AccessRelationship","","","id-8f6f20af5c0149b5aaf5f395b705cddf","id-e7247550ca144a27a94f66268ab718ff",""
"id-4a84564c357a490c91c098000a57d880","AccessRelationship","","","id-8e3e68f7c3b54c6d996c1c65cd4d3eab","id-09f50620d3b840568670d86b175bad08",""
"id-674ca2741bcd4722b6c93d50498c52d9","AccessRelationship","","","id-7ebdb2a2d877437b8d3b8945b31aff5e","id-0d2616a6f51b4263867f2d42d6176276",""
"id-72d6c0726cfe4507a333227e3f8f29df","AggregationRelationship","","","id-01eb201c03bb4d7c9844a47cfef98e15","id-2846035edbac4e1eac7b177be2423e6b",""
"id-dea46c581bbc4668b2e489d86fad1b6a","AggregationRelationship","","","id-01eb201c03bb4d7c9844a47cfef98e15","id-db304cccdbbd45169fd50eeb4b7d1e0b",""
"id-f5943c4890ab4e23ac76cbe75a85f45f","AggregationRelationship","","","id-01eb201c03bb4d7c9844a47cfef98e15","id-1cbdbc8e6f784df3a399105b7dab5a00",""
"id-a40e04c5335a42cc8e102e6e40430e39","AggregationRelationship","","","id-01eb201c03bb4d7c9844a47cfef98e15","id-4ef15ecc93914e9480ca060b037a7861",""
"id-a8884f699050438698ec75d5c469ce8f","AggregationRelationship","","","id-01eb201c03bb4d7c9844a47cfef98e15","id-ae45ebc72b884142adb642ba4fd338a5",""
"id-aab494e9ff5f4f83bf6c75e8d2d9eba4","AggregationRelationship","","","id-01eb201c03bb4d7c9844a47cfef98e15","id-af9fcf6cc64a49528dbf268d944f5747",""
"id-a50f8e622c3c4df69846f667112eeb53","AggregationRelationship","","","id-01eb201c03bb4d7c9844a47cfef98e15","id-0b7a5ed5e5204f918fe105b956a4c660",""
"id-570fcd22c25247ab9abf9d9c9855c5c5","AggregationRelationship","","","id-01eb201c03bb4d7c9844a47cfef98e15","id-6ac1e83e5f504bab855953587a815128",""
"id-e7143f54921a459d9d63870282903493","AggregationRelationship","","","id-01eb201c03bb4d7c9844a47cfef98e15","id-820007ce24d54d45baa6966d0e52c668",""
"id-9164c479ad824ff69d66d11bec43de29","AggregationRelationship","","","id-01eb201c03bb4d7c9844a47cfef98e15","id-529381f99030453d81330cb99689cb2c",""
"id-edbfcb0627cf4a69808c019ab170eea8","AssignmentRelationship","","","id-330b8be07ec340f7ad5f737cdb2baaef","id-26ef9465c2b34a1186baeb41ef79f144",""
"id-39a0c7e2fb7f4461bdde34f3d0a1eff9","AssignmentRelationship","","","id-32a504ae21274b1ba2809f15c3f99ca2","id-07de8542053d4739b7fa1a98bbe59798",""
"id-087e635ef69445e6a0dc5021ce313c3a","AssignmentRelationship","","","id-32a504ae21274b1ba2809f15c3f99ca2","id-866783f5689b4893a8f70b6350ce0c2e",""
"id-4448ebed7e884325b3bc6b177fc44f82","AssignmentRelationship","","","id-32a504ae21274b1ba2809f15c3f99ca2","id-f116ad32a5f94363be4fa5093fba5e13",""
"id-6bac05be69eb4776ae5b05abbfa5be24","AssignmentRelationship","","","id-f116ad32a5f94363be4fa5093fba5e13","id-6d76f68d89d44f9491a836e9e993d2d7",""
"id-528a81e24c374308950fa54a117631f4","AssignmentRelationship","","","id-866783f5689b4893a8f70b6350ce0c2e","id-5b10384809f94f15a0bc399b68f7cdf6",""
"id-0781caf16b90489993fcfacd208943ae","AssignmentRelationship","","","id-07de8542053d4739b7fa1a98bbe59798","id-394ce819ab194ca09c10b6671ea3a587",""
"id-5105a81c7c8a42b8946836c481d80e31","AssignmentRelationship","","","id-f116ad32a5f94363be4fa5093fba5e13","id-bfe411b764cb4400aa04321e5da21131",""
"id-27262f43d75a4e52bef64200b78d75f4","AssignmentRelationship","","","id-f116ad32a5f94363be4fa5093fba5e13","id-486ae814a4cf4dde90c3a130c6441454",""
"id-d4ca2378b65c428d8ba58e83def53e43","AssignmentRelationship","","","id-07de8542053d4739b7fa1a98bbe59798","id-ec42131fce17464ababb7bedfe11f468",""
"id-41000ae1cd71414fa4269766bfea056c","AssignmentRelationship","","","id-f116ad32a5f94363be4fa5093fba5e13","id-6132cbb6e22143e3a4a8f1e18ae8aabc",""
"id-e2cf8bdf5e22428fb3e3154d58407f1b","AssignmentRelationship","","","id-32a504ae21274b1ba2809f15c3f99ca2","id-35a102086aab4a5098481707177ebaf6",""
"id-7af6379575a14082ba0cc3a261682311","AssociationRelationship","","","id-c6a30b40e8e04dfeb8c9ae3b58ae9d0f","id-ddc5d5f706b24d0482ae3f7e504c8638",""
"id-eaa262ac463e489caef507e48dac5fea","AssociationRelationship","","","id-8f6f20af5c0149b5aaf5f395b705cddf","id-bc0b10d6225147619307d89e11def2b4",""
"id-5b2d189c554e44058f393025d379167e","AssociationRelationship","","","id-47eece96f6ef4f8c887079832c9c8d32","id-a5a178d05fd94bd9ba6a199ddd6a6e21",""
"id-1ccdc43432e4439d96b221ac762ee261","AssociationRelationship","","","id-47eece96f6ef4f8c887079832c9c8d32","id-508d8fb39ffa4a62bd09d5abab1f79bd",""
"id-6e159b08dfec45768c0d853262817fbe","AssociationRelationship","","","id-e8080291c32346dcb551767309760561","id-e7247550ca144a27a94f66268ab718ff",""
"id-57bbb2ae1866438bbc118da6162450c5","AssociationRelationship","","","id-c3eb6d0e5d344ee788f5eb1a41b1a95e","id-afb6eefbbd0548699e65384387b61759",""
"id-a8cce4257b38404da24b72535f6d2742","AssociationRelationship","","","id-01ab2c652ce64460b1b4e2932e725a6e","id-afb6eefbbd0548699e65384387b61759",""
"id-aa3a6b181e814a0bbf7bd02d3031b8bb","AssociationRelationship","","","id-8c7d81f165824a259ad1810b6de8aef8","id-968c0fdb37f24c048fab4bd3fc03d3a7",""
"id-3e6891f989c7483c8aa6d502c9fffeb6","AssociationRelationship","","","id-8c7d81f165824a259ad1810b6de8aef8","id-3d4fcfb5aad74f028f45d48cdc62d158",""
"id-255d6f7ec1e04817ab98b5b4ce4a26da","AssociationRelationship","","","id-8c7d81f165824a259ad1810b6de8aef8","id-724e6e7411f34c388c44f9c9f56ad865",""
"id-1746215ab4be46de958e2b76a2ca41d7","AssociationRelationship","","","id-7c959626b8a148edbaaa9cac7eeeabfd","id-a0fb68244ac643c1bf4759a5c77e709e",""
"id-7abacf91d4ec41258dc4492a513e0934","AssociationRelationship","","","id-5f5e6a2f8b2b4f05b93a6d4b150bbb7c","id-a0fb68244ac643c1bf4759a5c77e709e",""
"id-ff1680c5deea4a65bb78acf7370d4c69","AssociationRelationship","","","id-f1540c55f6c5425fad4108630fe705d0","id-09f50620d3b840568670d86b175bad08",""
"id-552c90b978c64909a6e02c5dabba7566","AssociationRelationship","","","id-addcef0ebfe342a69591631d2e052ae1","id-0d2616a6f51b4263867f2d42d6176276",""
"id-7d6fe104502f437295374019763fe4da","AssociationRelationship","","","id-addcef0ebfe342a69591631d2e052ae1","id-09f50620d3b840568670d86b175bad08",""
"id-dfd803c0587442e296b5ba047251bb7b","AssociationRelationship","","","id-a629cbaa5892420cbf7ee173c114ae5c","id-07aa42f89e8d404aa027971535a68236",""
"id-246a27b0ff784b9b9c22422d3124e406","AssociationRelationship","","","id-35a102086aab4a5098481707177ebaf6","id-9f87b3f035bc49ef981b4e32b4936ad6",""
"id-51fd27d8f7ab4d8f9da06e0ea3b50a65","AssociationRelationship","","","id-9f87b3f035bc49ef981b4e32b4936ad6","id-12679af793a742f0b3e5a6c196ca207d",""
"id-261a937d86f04ba58f18f0ae97fd487a","AssociationRelationship","","","id-2e8003103e65443fa5bdb50a9142d97a","id-a9c6b3622b6d4b55b8fbd0106eb6dfbb",""
"id-306e9fc29a6d446fb2f8063756a7abde","AssociationRelationship","","","id-35a102086aab4a5098481707177ebaf6","id-fa09164a4758456895d442486aff62ea",""
"id-90875f8d316748d69ec778317a5fbafb","AssociationRelationship","","","id-a629cbaa5892420cbf7ee173c114ae5c","id-12679af793a742f0b3e5a6c196ca207d",""
"id-bc5060b768854ca1976271ff70484f92","AssociationRelationship","","","id-a9c6b3622b6d4b55b8fbd0106eb6dfbb","id-35a102086aab4a5098481707177ebaf6",""
"id-93afaf0bce78447284ffe932edb0665a","FlowRelationship","","","id-6b0d235775a645478a85fb1cade0ade2","id-8c7d81f165824a259ad1810b6de8aef8",""
"id-a8e6fa88969f4719a19695b59790da1b","FlowRelationship","","","id-330b8be07ec340f7ad5f737cdb2baaef","id-6b0d235775a645478a85fb1cade0ade2",""
"id-96ddd4d411084e40848b609d198c3000","InfluenceRelationship","","","id-01eb201c03bb4d7c9844a47cfef98e15","id-fa09164a4758456895d442486aff62ea",""
"id-6f0b60f50d5140688f3b4f7aab9d0e17","InfluenceRelationship","","","id-2a1f094032ac44b982bc88b695a59cec","id-2e8003103e65443fa5bdb50a9142d97a",""
"id-966d55dc977b4085a0d806bcfa7cf25a","InfluenceRelationship","","","id-a9c6b3622b6d4b55b8fbd0106eb6dfbb","id-2e8003103e65443fa5bdb50a9142d97a",""
"id-d7d25677097f40e492fd0b251d5459a8","InfluenceRelationship","","","id-9f87b3f035bc49ef981b4e32b4936ad6","id-2e8003103e65443fa5bdb50a9142d97a",""
"id-ff22c2bb0b304617861c16fafac20749","RealizationRelationship","","","id-7ebdb2a2d877437b8d3b8945b31aff5e","id-31b2b9431eb741fe845bf7420bcb36b4",""
"id-222d717a78b34ddca2d9fbc379515112","RealizationRelationship","","","id-7ebdb2a2d877437b8d3b8945b31aff5e","id-8f6f20af5c0149b5aaf5f395b705cddf",""
"id-0bee7ab02d8e459d961b042bd3092fbd","RealizationRelationship","","","id-7ebdb2a2d877437b8d3b8945b31aff5e","id-04d63fc625ef46dd99d301c9d647a626",""
"id-0583b15d8faf47caa462821ff45d2c1c","RealizationRelationship","","","id-7ebdb2a2d877437b8d3b8945b31aff5e","id-c6a30b40e8e04dfeb8c9ae3b58ae9d0f",""
"id-72d0cf1ce4934d69a2f0e9a4f8889478","RealizationRelationship","","","id-7ebdb2a2d877437b8d3b8945b31aff5e","id-47eece96f6ef4f8c887079832c9c8d32",""
"id-9b06cf9caaeb4f30b00bd3061a216116","RealizationRelationship","","","id-7ebdb2a2d877437b8d3b8945b31aff5e","id-e8080291c32346dcb551767309760561",""
"id-40aa88ba5ae148b6bc68b77722966ed4","RealizationRelationship","","","id-7ebdb2a2d877437b8d3b8945b31aff5e","id-09378af6e4e54c2bb56f37b056b411d0",""
"id-bf23a9016ae143848310d13711da6f83","RealizationRelationship","","","id-26ef9465c2b34a1186baeb41ef79f144","id-8afbbd03b18345aab637c301ad02fdfc",""
"id-47101abbe9ee4214ad360a4850fa4285","RealizationRelationship","","","id-26ef9465c2b34a1186baeb41ef79f144","id-c0889d4beb7e44f39c958afece722642",""
"id-3052316f1b2543199d9ab9a0643b215a","RealizationRelationship","","","id-26ef9465c2b34a1186baeb41ef79f144","id-7c959626b8a148edbaaa9cac7eeeabfd",""
"id-1210544d89a848d9a0fc5c28fed07782","RealizationRelationship","","","id-26ef9465c2b34a1186baeb41ef79f144","id-5f5e6a2f8b2b4f05b93a6d4b150bbb7c",""
"id-c8ecacf1909946d98a88fa1771604d2b","RealizationRelationship","","","id-8e3e68f7c3b54c6d996c1c65cd4d3eab","id-f40225e3f9504ddfa56eb22b95fc3ce9",""
"id-f782f5565c604e2d96cbdb258a1ef8d4","RealizationRelationship","","","id-8e3e68f7c3b54c6d996c1c65cd4d3eab","id-c3eb6d0e5d344ee788f5eb1a41b1a95e",""
"id-e421cd9aca1548cb8e2cdbd3b6908dfc","RealizationRelationship","","","id-8e3e68f7c3b54c6d996c1c65cd4d3eab","id-01ab2c652ce64460b1b4e2932e725a6e",""
"id-c22d66c8d63c4fda98942added68598d","RealizationRelationship","","","id-bfe411b764cb4400aa04321e5da21131","id-4ef15ecc93914e9480ca060b037a7861",""
"id-55c2a3394f0f4d97af54eaeda54f6198","RealizationRelationship","","","id-486ae814a4cf4dde90c3a130c6441454","id-ae45ebc72b884142adb642ba4fd338a5",""
"id-feb36e6c280e41c78b8d3975b97dc8b4","RealizationRelationship","","","id-ec42131fce17464ababb7bedfe11f468","id-0b7a5ed5e5204f918fe105b956a4c660",""
"id-5e29aaeda57b4202aa9b2e94214aeaf3","RealizationRelationship","","","id-5b10384809f94f15a0bc399b68f7cdf6","id-af9fcf6cc64a49528dbf268d944f5747",""
"id-0c154f6fdba443869e4cbc3d80b88753","RealizationRelationship","","","id-6132cbb6e22143e3a4a8f1e18ae8aabc","id-6ac1e83e5f504bab855953587a815128",""
"id-ba8aa9ca8543415f9c337f043b3bbb7c","RealizationRelationship","","","id-1e951c3ecb254860b2a829c8ca2895c3","id-a3a7ba26228142be94e11c8099b1f549",""
"id-eb0e86cf5abd4dd9a1eadf4a77d8b63e","RealizationRelationship","","","id-1e951c3ecb254860b2a829c8ca2895c3","id-da9bf2a418c3489e8a3ad16632c02566",""
"id-a42843d77ef54551be6917301bd69ea5","RealizationRelationship","","","id-f0c53e2b0d4c45f78453cfe7ea090c5e","id-94f52e6fd1f644e7938c274d6da9f223",""
"id-3e5b0a4939cb47bf979e8c42ba98af46","RealizationRelationship","","","id-8e3e68f7c3b54c6d996c1c65cd4d3eab","id-1b2321b1993f432d867aab233c737a41",""
"id-6d8dda195a5f4d3e90ca3ea27373c5d5","RealizationRelationship","","","id-df247b5f9ebb4d768ec0d00b795e3502","id-7351980e1fd84ab1b1cef85e7f32a470",""
"id-4fc8028ed8604af5a4b73264d6a6770c","RealizationRelationship","","","id-f0c53e2b0d4c45f78453cfe7ea090c5e","id-def2bc7d7c89434f96b6ebb74efdaa19",""
"id-2dd31f27a3434d588c230bcc9cfce75e","RealizationRelationship","","","id-1e951c3ecb254860b2a829c8ca2895c3","id-39f6158dcef44d1bbc05659f4ba42766",""
"id-9adceed3c0a5413f8fa769d12e1c3097","RealizationRelationship","","","id-01eb201c03bb4d7c9844a47cfef98e15","id-1728306f843245c28cdf4c03f931735c",""
"id-baf9f77ca95c4a64bd90edd5f0498215","RealizationRelationship","","","id-01eb201c03bb4d7c9844a47cfef98e15","id-6bffa26862a54464b2b248ebe318aaf2",""
"id-daf6b4e731d24a36b9fde64c6d7f0c31","RealizationRelationship","","","id-26ef9465c2b34a1186baeb41ef79f144","id-b2283085c7bc4b2da7e0e3984790f188",""
"id-16ddfa70d86842a488fb22117266bcd1","RealizationRelationship","","","id-26ef9465c2b34a1186baeb41ef79f144","id-a0fb68244ac643c1bf4759a5c77e709e",""
"id-fe749e9865ca41b4a26af4aae4ce0060","RealizationRelationship","","","id-360a083ec5544500bf2c5f0c8d744d77","id-55bf18ce80c64078a01cd08d1249ce34",""
"id-743674176e2e4f6ba92f919a9d8eb925","RealizationRelationship","","","id-01eb201c03bb4d7c9844a47cfef98e15","id-2aaf978df8a5498288322fc2dc707c09",""
"id-73bbd1ec1adb4e03b1fb5ef2c73d452f","RealizationRelationship","","","id-09378af6e4e54c2bb56f37b056b411d0","id-5dc55f30f09e4374bfe9272f8d296b86",""
"id-2080d4f0c0694c49a25f21fde24ef94a","RealizationRelationship","","","id-1b2321b1993f432d867aab233c737a41","id-fba788f076224c86933b5712d75db7c5",""
"id-95c2bb9f2a384463b5d26dbfbb0e8d15","RealizationRelationship","","","id-55bf18ce80c64078a01cd08d1249ce34","id-db304cccdbbd45169fd50eeb4b7d1e0b",""
"id-d9b7b27ff8144145a3c2e48ba5402079","RealizationRelationship","","","id-f65114adf355489496223cedcc6ab65b","id-db304cccdbbd45169fd50eeb4b7d1e0b",""
"id-43e5696ae2c34fa2923968be123e3daa","RealizationRelationship","","","id-5e8a5cc38c3341a1b92b5c6588d11027","id-1cbdbc8e6f784df3a399105b7dab5a00",""
"id-43c7397fc6764b7d90a857eb0685b5b5","RealizationRelationship","","","id-01eb201c03bb4d7c9844a47cfef98e15","id-d0181862971f480fa8be0970994b539d",""
"id-72b73920934344e6823f8d4871cd0eab","RealizationRelationship","","","id-01eb201c03bb4d7c9844a47cfef98e15","id-a9a69e2bb4b049dd98a7b5c9ff6f14ae",""
"id-6ed634770ae4480480e289693131f8e3","RealizationRelationship","","","id-01eb201c03bb4d7c9844a47cfef98e15","id-c6d3e60758a9458999a60602f3a3b93e",""
"id-fd31f026d966450689d09361c547413e","RealizationRelationship","","","id-8f6f20af5c0149b5aaf5f395b705cddf","id-d0181862971f480fa8be0970994b539d",""
"id-e6f95b70bff14387ab351bd33363894a","RealizationRelationship","","","id-31b2b9431eb741fe845bf7420bcb36b4","id-d0181862971f480fa8be0970994b539d",""
"id-2cefa836a8304535bcfeabb3ed0dd178","RealizationRelationship","","","id-04d63fc625ef46dd99d301c9d647a626","id-d0181862971f480fa8be0970994b539d",""
"id-d685d0330ac34b6a8aaab845754f3e0a","RealizationRelationship","","","id-e8080291c32346dcb551767309760561","id-d0181862971f480fa8be0970994b539d",""
"id-c9c5fdbb73e346459c496f855bfe1053","RealizationRelationship","","","id-47eece96f6ef4f8c887079832c9c8d32","id-c6d3e60758a9458999a60602f3a3b93e",""
"id-766eaab6d84542baa7927ec665aef595","RealizationRelationship","","","id-f40225e3f9504ddfa56eb22b95fc3ce9","id-a9a69e2bb4b049dd98a7b5c9ff6f14ae",""
"id-8224128b1d0245ada20b780d66f09c8c","RealizationRelationship","","","id-0f0b8b3ec7104ab9a902e773a818553f","id-0b7a5ed5e5204f918fe105b956a4c660",""
"id-f105aebaa3b341fd86491888974f0502","RealizationRelationship","","","id-01eb201c03bb4d7c9844a47cfef98e15","id-515413fa45a343748eed2ef0e5bdc06f",""
"id-ca98a6baf9a148fdaa4947f9af9e7b99","RealizationRelationship","","","id-def2bc7d7c89434f96b6ebb74efdaa19","id-679267bc304a4ae9a219d825b129fd93",""
"id-0f8c160301fa497692a1a6e0a239658f","RealizationRelationship","","","id-01eb201c03bb4d7c9844a47cfef98e15","id-254704aef3534da5b3863619168df04b",""
"id-21a902b8762b4901b69fb74bcacc94c1","RealizationRelationship","","","id-2aaf978df8a5498288322fc2dc707c09","id-48a16234b4e4448cb38d7d66c3ae8f87",""
"id-9053f1a3710d46ca81b8d883f1d4f38f","RealizationRelationship","","","id-2aaf978df8a5498288322fc2dc707c09","id-c30bd7d49b334338b26168831305c559",""
"id-f38e99533317422cb33062b400b0fd63","RealizationRelationship","","","id-c30bd7d49b334338b26168831305c559","id-254704aef3534da5b3863619168df04b",""
"id-49148c377f984f4f9596c7300d1fdda0","RealizationRelationship","","","id-7ebdb2a2d877437b8d3b8945b31aff5e","id-addcef0ebfe342a69591631d2e052ae1",""
"id-551ffa4aeb5b4fb2a1ef944a9f743fa3","RealizationRelationship","","","id-8e3e68f7c3b54c6d996c1c65cd4d3eab","id-f1540c55f6c5425fad4108630fe705d0",""
"id-9c8ca086ccbd4de89e79db4526a0f64a","RealizationRelationship","","","id-addcef0ebfe342a69591631d2e052ae1","id-6bffa26862a54464b2b248ebe318aaf2",""
"id-78dd4a93b8d34b44a2da6c93609a7fcc","RealizationRelationship","","","id-2aaf978df8a5498288322fc2dc707c09","id-73f92331be754642b7ec3de3649fa263",""
"id-0291d30bd71c489f9fd04ff881d388f3","RealizationRelationship","","","id-2409c8327b9048cd800ad824e9b69e74","id-f25940021ed2491e882cbfc90aab9c0f",""
"id-38a697c9ebfe4f6080c9fbba861d08cd","RealizationRelationship","","","id-36208904226a410cbfd08f8c171ea497","id-f25940021ed2491e882cbfc90aab9c0f",""
"id-7a4d4eb308ca41e08bd99a03521360cc","RealizationRelationship","","","id-d2c06c8e7f184d0a87bae234afd35bb8","id-f25940021ed2491e882cbfc90aab9c0f",""
"id-d5ec48d71f0748c5a9396f809a36ca02","RealizationRelationship","","","id-977695ea242249bdb2b04041b936b8fc","id-f25940021ed2491e882cbfc90aab9c0f",""
"id-a359533681db45a49bb1600184fec348","RealizationRelationship","","","id-081d94ae4980441e9b29dcc553b77aa0","id-f25940021ed2491e882cbfc90aab9c0f",""
"id-4c83278e282846f5bc3b500ae8ec4570","RealizationRelationship","","","id-6a2333e59af14a0fafb3acb889a9cd39","id-f25940021ed2491e882cbfc90aab9c0f",""
"id-6085252593374767b0d97e4d45fc919f","RealizationRelationship","","","id-07aa42f89e8d404aa027971535a68236","id-12679af793a742f0b3e5a6c196ca207d",""
"id-52dee99cfa564caf8884fae4a813f329","RealizationRelationship","","","id-01eb201c03bb4d7c9844a47cfef98e15","id-6e36fdfb918c4240acbee5fcf51faf94",""
"id-f5ff2e5181434b2ba33ac886108a56a4","RealizationRelationship","","","id-6e36fdfb918c4240acbee5fcf51faf94","id-12679af793a742f0b3e5a6c196ca207d",""
"id-950460a97ffe4c7aab711303d64cdf61","RealizationRelationship","","","id-32a504ae21274b1ba2809f15c3f99ca2","id-f25940021ed2491e882cbfc90aab9c0f",""
"id-ceebaae514224219bfc9541af7e169b9","RealizationRelationship","","","id-f25940021ed2491e882cbfc90aab9c0f","id-12679af793a742f0b3e5a6c196ca207d",""
"id-07aabf56d7b94d45ab061424c1223285","RealizationRelationship","","","id-2e8003103e65443fa5bdb50a9142d97a","id-2a1f094032ac44b982bc88b695a59cec",""
"id-47bd555c988b415480cf4b43738707dc","RealizationRelationship","","","id-2e8003103e65443fa5bdb50a9142d97a","id-07aa42f89e8d404aa027971535a68236",""
"id-1347e6bef8ab4ff3965aae1ea3490325","RealizationRelationship","","","id-2a1f094032ac44b982bc88b695a59cec","id-07aa42f89e8d404aa027971535a68236",""
"id-d0357de471d94f279ab847d1a44a776b","ServingRelationship","","","id-7ebdb2a2d877437b8d3b8945b31aff5e","id-2aaf978df8a5498288322fc2dc707c09",""
"id-e75aaf4e167e4f1789314a1fcb4e306e","ServingRelationship","","","id-8e3e68f7c3b54c6d996c1c65cd4d3eab","id-2aaf978df8a5498288322fc2dc707c09",""
"id-28f7144b1fcf4fedadd32d05da01e329","ServingRelationship","","","id-df247b5f9ebb4d768ec0d00b795e3502","id-2aaf978df8a5498288322fc2dc707c09",""
"id-eb0a8f0e371d418fb075020079f9399b","ServingRelationship","","","id-394ce819ab194ca09c10b6671ea3a587","id-ec42131fce17464ababb7bedfe11f468",""
"id-fd3b0edb783545709e12da0d4ca827ff","ServingRelationship","","","id-6d76f68d89d44f9491a836e9e993d2d7","id-6132cbb6e22143e3a4a8f1e18ae8aabc",""
"id-597a792ff8a743909f2d7722f24be0ed","ServingRelationship","","","id-1e951c3ecb254860b2a829c8ca2895c3","id-2aaf978df8a5498288322fc2dc707c09",""
"id-ae034fc97bb54751a2b340ddacffbce0","ServingRelationship","","","id-f0c53e2b0d4c45f78453cfe7ea090c5e","id-2aaf978df8a5498288322fc2dc707c09",""
"id-8207a8d377a548c79fe5b5b562b75885","ServingRelationship","","","id-394ce819ab194ca09c10b6671ea3a587","id-486ae814a4cf4dde90c3a130c6441454",""
"id-fcfdd69d95aa4c69ae91540a9d0ede16","ServingRelationship","","","id-394ce819ab194ca09c10b6671ea3a587","id-5b10384809f94f15a0bc399b68f7cdf6",""
"id-ad0ed75936334d12bdb54f260dc87a49","ServingRelationship","","","id-8afbbd03b18345aab637c301ad02fdfc","id-a0fb68244ac643c1bf4759a5c77e709e",""
"id-2857c437ccb44155b4e555bd59d22323","ServingRelationship","","","id-8afbbd03b18345aab637c301ad02fdfc","id-7ebdb2a2d877437b8d3b8945b31aff5e",""
"id-4b4862afc554417497658fa42102c51d","ServingRelationship","","","id-8afbbd03b18345aab637c301ad02fdfc","id-8e3e68f7c3b54c6d996c1c65cd4d3eab",""
"id-b42068deb6d048f2b1b6c11c8142ddad","ServingRelationship","","","id-8afbbd03b18345aab637c301ad02fdfc","id-1e951c3ecb254860b2a829c8ca2895c3",""
"id-026dd5fb9d8b4e0984f44278603fac9c","ServingRelationship","","","id-8afbbd03b18345aab637c301ad02fdfc","id-f0c53e2b0d4c45f78453cfe7ea090c5e",""
"id-ac0d1ac0834449a8b8605e9c0458e69c","ServingRelationship","","","id-b2283085c7bc4b2da7e0e3984790f188","id-a0fb68244ac643c1bf4759a5c77e709e",""
"id-dcba1b98b5df4f869a76190e3db52b7d","ServingRelationship","","","id-b2283085c7bc4b2da7e0e3984790f188","id-def2bc7d7c89434f96b6ebb74efdaa19",""
"id-3a92fedf7da1453a9d68ce71e83381c5","ServingRelationship","","","id-b2283085c7bc4b2da7e0e3984790f188","id-09378af6e4e54c2bb56f37b056b411d0",""
"id-7e95b7f977134498a84fab7e2752c614","ServingRelationship","","","id-b2283085c7bc4b2da7e0e3984790f188","id-1b2321b1993f432d867aab233c737a41",""
"id-f6499af6dedb4d35ba29689676353db7","ServingRelationship","","","id-b2283085c7bc4b2da7e0e3984790f188","id-39f6158dcef44d1bbc05659f4ba42766",""
"id-92625e3860524cd68832dca48613ac7f","ServingRelationship","","","id-5dc55f30f09e4374bfe9272f8d296b86","id-1728306f843245c28cdf4c03f931735c",""
"id-2db840d76957401683997836a92fbace","ServingRelationship","","","id-fba788f076224c86933b5712d75db7c5","id-6bffa26862a54464b2b248ebe318aaf2",""
"id-1ccafd45f10348e8bb0305a3cac4b589","ServingRelationship","","","id-5dc55f30f09e4374bfe9272f8d296b86","id-6bffa26862a54464b2b248ebe318aaf2",""
"id-5095f4c3e78b48ce9c65f390f01c0b28","ServingRelationship","","","id-394ce819ab194ca09c10b6671ea3a587","id-0f0b8b3ec7104ab9a902e773a818553f",""
"id-110c2884b879438aa4805f780d795123","ServingRelationship","","","id-fba788f076224c86933b5712d75db7c5","id-a9a69e2bb4b049dd98a7b5c9ff6f14ae",""
"id-eaceef0515e74e929ce13cf47b9da56d","ServingRelationship","","","id-5dc55f30f09e4374bfe9272f8d296b86","id-d0181862971f480fa8be0970994b539d",""
"id-d910694fadd949c59e820a4401d16008","ServingRelationship","","","id-5dc55f30f09e4374bfe9272f8d296b86","id-c6d3e60758a9458999a60602f3a3b93e",""
"id-da0165c3ebe643daa3e11bf86ecd5a58","ServingRelationship","","","id-679267bc304a4ae9a219d825b129fd93","id-515413fa45a343748eed2ef0e5bdc06f",""
"id-60aa83832755450390e3f4a874c43008","ServingRelationship","","","id-679267bc304a4ae9a219d825b129fd93","id-d0181862971f480fa8be0970994b539d",""
"id-141a797ce24f4a8e82d89b1e7fff05e6","ServingRelationship","","","id-b2283085c7bc4b2da7e0e3984790f188","id-8afbbd03b18345aab637c301ad02fdfc",""
"id-a5b05430d3994ed09965bdc3e45289c6","ServingRelationship","","","id-b2283085c7bc4b2da7e0e3984790f188","id-c0889d4beb7e44f39c958afece722642",""
"id-03d970353fcf42c392b99463ca012ba5","ServingRelationship","","","id-679267bc304a4ae9a219d825b129fd93","id-254704aef3534da5b3863619168df04b",""
"id-4dc6c3a088f04612967b2fa3b34cc61d","ServingRelationship","","","id-3e7289a052c94b5d88d08a7e659241d3","id-254704aef3534da5b3863619168df04b",""
"id-6226dda2830d431f974c5a515c9ead59","ServingRelationship","","","id-f25940021ed2491e882cbfc90aab9c0f","id-6e36fdfb918c4240acbee5fcf51faf94",""
"id-6cc6c58f308540af909f7d41090db7e2","SpecializationRelationship","","","id-c3eb6d0e5d344ee788f5eb1a41b1a95e","id-f40225e3f9504ddfa56eb22b95fc3ce9",""
"id-4ca369efd09d45d696baa5705efba654","SpecializationRelationship","","","id-01ab2c652ce64460b1b4e2932e725a6e","id-f40225e3f9504ddfa56eb22b95fc3ce9",""
"id-9642fe28744f4923922c3ca596d5c342","SpecializationRelationship","","","id-5e8a5cc38c3341a1b92b5c6588d11027","id-ffd948a082514d22a9efa9f9c576d4b3",""
"id-6bef996ca65843f1a12305b1d58af7c3","SpecializationRelationship","","","id-724e6e7411f34c388c44f9c9f56ad865","id-360a083ec5544500bf2c5f0c8d744d77",""
"id-895a1e96bbf04d4dbc8e3da7969c7960","SpecializationRelationship","","","id-3d4fcfb5aad74f028f45d48cdc62d158","id-360a083ec5544500bf2c5f0c8d744d77",""
"id-602866b338a0407285cf93d231fc22de","SpecializationRelationship","","","id-968c0fdb37f24c048fab4bd3fc03d3a7","id-360a083ec5544500bf2c5f0c8d744d77",""
"id-c981de4f10964c228054815033f16693","SpecializationRelationship","","","id-9df74ba77e634bf19e046fbcdedeaf98","id-6e36fdfb918c4240acbee5fcf51faf94",""
"id-346197880f6f4935937548d8fe00ea05","SpecializationRelationship","","","id-d0481fda2c9347638cd7f163f57ae765","id-6e36fdfb918c4240acbee5fcf51faf94",""
"id-a4d95117422e4012a6e609c76e6e6615","SpecializationRelationship","","","id-ee2df5d1790f4035914f33468504ddb6","id-6e36fdfb918c4240acbee5fcf51faf94",""
"id-11b0ceebb113400bb53ff363b2f10e69","SpecializationRelationship","","","id-b3b2b665e3dd4de7b72353031c0228be","id-6e36fdfb918c4240acbee5fcf51faf94",""
"id-e00795db0e5440d4b5462eab19a52e51","SpecializationRelationship","","","id-2ef9b591145c4d6594e322bfd4b4d9c1","id-6e36fdfb918c4240acbee5fcf51faf94",""
"id-3654d1fea66e4ff08cf35fa8e1862b9b","SpecializationRelationship","","","id-4efa44dd2e3d44a69f0945d0f16c195a","id-9f87b3f035bc49ef981b4e32b4936ad6",""
"id-a85dac4aac714807ae07a176793ad431","SpecializationRelationship","","","id-5f48baf405e2434c8562e4be579f0816","id-9f87b3f035bc49ef981b4e32b4936ad6",""
"id-9294faa2eea84831962f6c1af1013597","SpecializationRelationship","","","id-c50b64cab06049b9b724ce5d4ae94c89","id-2e8003103e65443fa5bdb50a9142d97a",""
"id-c66f57ec92874ef19d9b93c4b62b19df","SpecializationRelationship","","","id-16a08948c74f418ea2d1093df569b12c","id-2e8003103e65443fa5bdb50a9142d97a",""
"id-deea3dedfb0e4369a761a4c9a27c7606","SpecializationRelationship","","","id-4eda9886e61e43adbe284fbe6679ee1a","id-2e8003103e65443fa5bdb50a9142d97a",""
"id-3ba3fe1d7d77409aa789cd987b66ab91","SpecializationRelationship","","","id-d1d04a2ed3a54f7bb7bf81e7ccae4d75","id-2e8003103e65443fa5bdb50a9142d97a",""
"id-1f93a20addbf49d2b6c2ce2926bc7bc3","SpecializationRelationship","","","id-f0f0f9edab974e42a6a0c2bfdfd0c2e0","id-2a1f094032ac44b982bc88b695a59cec",""
"id-2aea3888da214dc292d158e6850143a7","SpecializationRelationship","","","id-b41a83116fe2490387753d442f5303cf","id-2a1f094032ac44b982bc88b695a59cec",""
"id-20b45301013141bf95c79d5547d70da4","SpecializationRelationship","","","id-5579e8de5ea74b94b41cd2ff1113d6f8","id-2a1f094032ac44b982bc88b695a59cec",""
"id-643f71a850f045538ace4706614d2d2a","SpecializationRelationship","","","id-74363f1797494190ac7e9e2900fda900","id-2a1f094032ac44b982bc88b695a59cec",""
"id-342d97b287994baba353f5c920237fcd","SpecializationRelationship","","","id-1feb6dd351ce421c8cec6c3fee8c0f45","id-a9c6b3622b6d4b55b8fbd0106eb6dfbb",""
"id-95e5dd2f87304a23b2a70bb7521bf0dc","SpecializationRelationship","","","id-5806af86e54f4bddadc9d002bb6e30f0","id-a9c6b3622b6d4b55b8fbd0106eb6dfbb",""
"id-4bed140862b54e8d916e71d83bc14446","SpecializationRelationship","","","id-0a367492b3df434f9737a64bdae55abd","id-2e8003103e65443fa5bdb50a9142d97a",""
"id-68dbe378b33a4a14be19a954f947a68c","TriggeringRelationship","","","id-a0fb68244ac643c1bf4759a5c77e709e","id-7351980e1fd84ab1b1cef85e7f32a470",""